Search Term,Times Searched
bear,2188
polar,1653
penguin,1614
owl,1575
marmot,1381
crane,1348
zoolights,1348
gorilla,1183
burrowing,1154
whooping,1086
wild,750
zoo,742
frog,732
canada,680
red,627
staff,604
lemur,558
abc,547
panda,542
bongo,507
enrichment,500
grouse,486
leopard,478
tiger,468
conservation,461
brunch,448
hippo,445
tapir,427
snow,404
vancouver,401
otter,396
island,384
giraffe,380
siku,380
garden,373
notusedinsocial,363
sage,348
wilder,347
school,343
eyare,335
wolf,329
influencer,328
animal,326
camera,326
camp,309
event,301
black,298
zebra,298
mountain,289
aza,288
trap,283
food,273
biodiversity,267
enmax,260
festival,256
education,247
bunch,247
flamingo,246
corks,241
northern,231
care,225
king,223
caribou,212
rainforest,210
grazers,208
walk,204
people,204
brew,203
photoshoot,197
kenya,197
savannah,186
butterfly,186
champions,185
bison,182
winter,182
lion,181
meerkat,181
prairie,171
river,165
bears,161
gibbon,160
guest,159
bird,158
hairstreak,158
guests,157
logo,156
africa,152
porcupine,151
volunteer,151
grizzly,151
dog,149
canadian,149
penguins,148
sergei,147
humboldt,146
zooboo,145
moose,134
programs,133
wilds,129
field,128
vet,128
building,126
alberta,124
archibald,124
locked,122
of,121
hyrax,120
jasiri,119
sheep,119
goat,119
tortoise,118
conservatory,117
asia,117
plunge,116
owls,115
baffin,111
safari,111
summer,109
the,107
cranes,107
team,106
skoki,106
otters,105
biofact,103
family,103
komodo,102
day,101
calgary,101
gentoo,100
nlf,100
okabe,99
park,98
wedding,98
horse,97
yewande,94
colobus,94
camel,92
marmots,91
prehistoric,90
snowy,89
visitor,89
dossi,88
2024,88
centre,87
wechiau,87
peacock,87
easter,82
lodge,82
bighorn,82
brand,82
rockhopper,81
greater,81
alpaca,80
engagement,79
in,79
limestone,78
zoolala,78
forest,78
aviary,77
sempurna,77
events,76
wildscapes,76
muskox,76
african,75
mandrill,74
boo,74
gardens,73
baby,73
ostrich,73
chick,72
video,72
frogs,72
gorillas,71
peccary,71
tree,70
lemurs,70
destination,70
nettles,69
heat,69
kitamba,68
crocodile,68
tea,67
camps,66
work,66
grounds,65
cougar,65
flower,65
program,64
turtle,64
ibis,64
globe,64
egg,62
and,62
globes,61
eating,60
hog,60
rhea,60
pumpkin,60
high,60
washed,59
magnetawan,59
tanuck,59
usedinsocial,58
musk,58
ashore,58
barrens,58
waterton,57
last,57
pallas,57
ferret,57
landscape,57
nabo,57
used,57
lynx,57
health,56
rocky,56
crowned,56
egyptian,55
manuka,55
grey,55
markhor,55
fox,55
corporate,55
monkey,54
cross,54
vim,53
abf,53
shop,52
teddy,51
gift,51
white,51
half-moon,51
kioja,51
honey,51
night,50
dinosaur,50
fisher,50
for,50
land,49
lobi,49
habitat,49
johari,49
entrance,49
north,49
snake,49
sarma,48
taylor,48
ice,47
community,47
lizard,47
kids,47
chameleon,47
amani,47
animals,47
cat,47
plant,46
veterinary,45
dragon,45
eburu,44
wood,44
sheldon,44
halloween,43
seafood,43
wolves,42
construction,42
moon,42
rock,42
dinny,41
breakfast,41
boa,41
gateway,40
parking,40
tailed,40
wcc,40
grainne,40
half,39
training,39
zuri,39
burrow,39
birthday,39
lights,38
vasili,38
group,38
poppy,38
ruffed,38
bee,38
dinner,38
leika,38
translocation,37
release,37
eve,37
great,37
hippopotamus,36
walking,36
sitatunga,36
special,36
research,35
ox,35
crested,34
lapwing,34
chef,34
visitors,34
champion,33
water,33
serow,33
moshi,33
zoocare,33
marketing,32
halfmoon,32
fish,32
avu,32
clement,32
goose,32
plants,31
catering,31
achw,31
to,31
pending,31
pelican,31
teal,30
stampede,30
swift,30
buildings,30
teslin,30
aurora,30
carousel,29
asian,29
tadashi,29
arthur,29
sanctuary,29
boil,29
spoonbill,29
leba,29
pup,28
exploration,28
zsa,28
parade,28
khutzeymateen,28
wine,27
nyawa,27
lawn,27
tent,27
2022,27
macaque,27
lagoon,27
presentation,27
istock,27
run,27
harvest,26
experiences,26
hiking,26
indigenous,26
sign,26
after,25
blue,25
builder,25
hours,25
trees,25
orson,25
boar,25
drone,25
samkha,25
deer,25
volunteers,24
ghana,24
christmas,24
lea,24
dorothy,24
tilly,24
fiona,24
santa,24
retail,24
transmitter,24
bbq,24
hi,24
thorn,24
children,24
pygmy,24
baruti,23
classroom,23
menabe,23
grassland,23
holiday,23
emara,23
buffalo,23
guide,23
child,22
festive,22
bill,22
june,22
member,22
pandas,22
shea,22
sandhill,22
valentine,22
adam,22
western,22
focused,22
canto,22
ccf,21
technician,21
bald,21
biofacts,21
olaf,21
bench,21
photo,21
concessions,21
green,21
puppet,21
tigers,21
party,21
ve,21
madagascar,21
jamie,21
hamerkop,21
plush,20
flowers,20
institute,20
valentines,20
relations,20
snowglobe,20
yukon,20
zims,20
conference,20
security,20
tadpole,19
marshie,19
sparky,19
sage-grouse,19
mera,19
carrie,19
newman,19
res,19
neo,19
gecko,19
parakeet,19
play,19
aster,19
donna,19
horticulture,19
gate,19
drag,19
lowland,19
kid,19
makira,18
roll,18
b,18
american,18
grasslands,18
cup,18
tourism,18
pallas's,18
doug,18
diana,18
diesel,18
eny,18
ring,18
calf,18
on,18
george,18
noir,18
snowglobes,18
alfred,18
kaya,18
cindy,18
ring-tailed,18
layla,17
paw,17
hadada,17
ahmed,17
infant,17
tehya,17
maximus,17
train,17
map,17
solomon,17
fall,17
shannon,17
crossing,17
art,17
national,17
tunnel,17
plaza,17
ollie,17
portrait,16
experience,16
viewing,16
meerkats,16
2021,16
dwarf,16
pride,16
historical,16
takoda,16
clinic,16
cabin,16
ozzy,16
kate,16
cocktails,16
-,15
hara,15
west,15
black-tailed,15
pema,15
convention,15
taiga,15
you,15
stephens,15
suffield,15
#notusedinsocial,15
science,15
sleep,15
udaya,15
eggs,15
odin,15
yawn,15
dino,15
box,15
bridge,15
person,15
november,14
williams,14
lions,14
mama,14
marbled,14
weaver,14
stretch,14
brawn,14
aerial,14
donor,14
bellatrix,14
maple,14
yusufu,14
data,14
oshana,14
amur,14
napoleon,13
cih,13
avens,13
rose,13
meeting,13
wetland,13
2023,13
hub,13
2025,13
hoof,13
steve,13
nigeria,13
backpack,13
deanna,13
kikami,13
birds,13
kyle,13
duck,13
caleefa,13
mammal,13
browse,13
sbr,13
hornbill,13
ravi,13
legacy,13
social,13
camille,13
line,13
allison,12
victor,12
sunset,12
thank,12
adrian,12
anshu,12
bugtopia,12
playing,12
cocktail,12
papa,12
july,12
tana,12
celeste,12
bombadil,12
harvie,12
mali,12
male,12
hippos,12
end,12
shan,12
cafe,12
moco,12
boudicca,12
colleen,12
sihek,12
kokemor,12
style,12
chocolate,12
nutrition,12
flamingos,12
lupine,12
genna,12
pd,12
nyoka,12
peafowl,12
lettuce,12
james,12
a,11
pond5,11
october,11
hawk,11
khata,11
kenickie,11
lee,11
swim,11
computer,11
ragati,11
dora,11
wildlife,11
senior,11
hot,11
lichen,11
tommy,11
cream,11
weddings,11
sandie,11
millie,11
tongue,11
alexandria,11
ashley,11
shruikan,11
years,11
ncc,11
dining,11
rachel,11
dusk,11
majimel,11
rocco,11
butterflies,11
mosi,11
georgia,11
steven,11
kito,11
oli,11
iucn,11
disco,10
zoolight,10
hat,10
hmh,10
cubs,10
club,10
guidelines,10
may,10
ball,10
puzzle,10
lori,10
linus,10
tadita,10
mp4,10
fern,10
safety,10
fronted,10
partnership,10
bristle,10
amelia,10
aspen,10
suncup,10
primrose,10
restricted,10
gibbons,10
at,10
freya,10
britta,10
programming,10
teachers,10
jparker,10
drink,10
telemetry,10
sun,10
ground,10
0i9a4697.jpg,9
m,9
tim,9
olympia,9
goats,9
employee,9
stock,9
rhett,9
cub,9
knapweed,9
services,9
tile,9
palm,9
primate,9
keewatin,9
january,9
ultrasound,9
beer,9
radish,9
brown,9
una,9
giraffes,9
feed,9
louis,9
ruby,9
sundari,9
lakes,9
zoodunnit,9
chytrid,9
annex,9
year,9
exam,9
rosetta,9
ant,9
students,9
plains,9
rivo,9
fan,9
sunday,9
gale,9
kristina,9
class,9
bromus,9
facilities,9
greenhouse,9
rupert,9
rhubarb,9
life,9
pups,9
sabi,9
development,9
cheyenne,9
scale,9
1,8
fieldwork,8
sloth,8
footed,8
chalk,8
golden,8
light,8
bees,8
feast,8
painted,8
mac,8
headshot,8
reptile,8
aslan,8
orange,8
howe,8
woodland,8
excel,8
pool,8
sleeping,8
tarantula,8
acacia,8
untagged,8
nap,8
prairies,8
callie,8
buffet,8
closure,8
reed,8
sankuru,8
flash,8
arm,8
mona,8
yard,8
boars,8
butter,8
gumby,8
by,8
bel,8
japanese,8
alison,8
elephant,8
big,8
welfare,8
_mpp9958.jpg,8
playground,8
valentine's,8
cricket,8
karsten,8
norman,8
ontario,8
grooming,8
mural,8
wildcare,8
sept,8
groups,8
procedures,7
feeding,7
feeder,7
sproing,7
oli gardner,7
communities,7
teacher,7
geese,7
hitmen,7
sapphire,7
eggstravaganza,7
latte,7
binoculars,7
chinook,7
ambulance,7
junior,7
lot,7
darryl,7
campers,7
archive,7
josephine,7
dec,7
tracks,7
python,7
hannah,7
smile,7
strix,7
crate,7
leaves,7
dalmatian,7
tilapia,7
cleopatra,7
aahana,7
space,7
porcupette,7
raw,7
swimming,7
brandi,7
trust,7
kijini,7
eccc,7
shawna,7
grade,7
kouma,7
kima,7
wed,7
board,7
jon,7
luxor,7
bc,7
pelicans,7
kely,7
venue,7
gr,7
plated,7
wilbur,7
kathryne,7
wood poppy,7
phoenix,7
leopard frog,7
old,7
autumn,7
joanna,7
store,7
cichlid,7
beaver,7
vr,7
hira,7
adults,7
caitlin,7
graham,7
tyler,7
green48,6
willow,6
2,6
cliff,6
booster,6
2023-12-12,6
p,6
otavi,6
scenes,6
young,6
dorgan,6
room,6
wildscape,6
ross,6
php,6
members,6
adriana,6
troop,6
crg,6
moment,6
chevron,6
scottie,6
dogs,6
tech,6
glass,6
karoo,6
_mpp9964,6
barred,6
chai,6
eros,6
grasslands national park,6
zebras,6
videos,6
trim,6
mccabe,6
brumation,6
soil,6
tali,6
virtual,6
henri,6
nebulosa,6
yuki,6
Burrowing owl,6
tehlu,6
dsc,6
kwando,6
fence,6
vanilla,6
surprise,6
black-&-white,6
blackline,6
mom,6
santa's,6
love,6
juice,6
fertility,6
fabio,6
pond,6
mikumi,6
axle,6
resources,6
kimani,6
sonia,6
jett,6
popcorn,6
munyugunyugu,6
fiddle,6
breaker,6
hiring,6
0-1,6
java,6
dance,6
jax,6
nala,6
nest,6
mother,6
patricks,6
nov,6
hammerkop,6
axe,6
babies,6
presented,6
white-handed,6
weigh,6
cy,6
sky,6
mountaineer,6
breeding,6
jennifer,6
table,6
la,6
eden,6
survey,6
petronas,6
bow,6
head,6
recycling,6
ssp,6
suspension,6
madinika,6
planting,6
cannice,6
scenic,5
morpho,5
palooza,5
wish,5
keats,5
sariaka,5
drugs,5
curiously,5
fruit,5
laura,5
opening,5
maintenance,5
marsh,5
banding,5
res.png,5
homes,5
rebecca,5
starling,5
mick,5
pauli,5
zone,5
humphrey,5
clean,5
commissary,5
den,5
jump,5
Polar bear,5
chip,5
london,5
dip,5
back,5
wetlands,5
potter,5
human,5
relax,5
hope,5
executive,5
fools,5
explorer,5
trailer,5
"rainforest,",5
radio,5
technicians,5
badger,5
outdoor,5
malo,5
20,5
21,5
26,5
toughie,5
bishop,5
celebrate,5
flying,5
yawning,5
alysanne,5
father,5
sponsorship,5
admin,5
jill,5
bart,5
kinsmen,5
dinny's,5
mandril,5
foundation,5
martyna,5
avian,5
snooze,5
crooked-stem,5
phillip,5
paper,5
track,5
kangaroo,5
vivian,5
brandy,5
crooked,5
tadpoles,5
wchs,5
vincente,5
larvae,5
mister,5
nagy,5
giselle,5
transport,5
concession,5
signage,5
1226315225,5
rvt,5
burrowing owl,5
whistling,5
cara,5
phone,5
servus,5
bactrian,5
enchanted,5
blakiston,5
rain,5
skate,5
rest,5
leroy,5
visit,5
camels,5
molly,5
elin,5
ai,5
aransas,5
elly,5
cynthia,5
gary,5
mountains,5
feather,5
porcupines,5
it,5
rafael,5
break,5
restaurant,5
fun,5
1-2,5
trevor,5
student,5
bts,5
st,5
records,5
april,5
medicinal,5
westjet,5
tanuk,5
car,5
station,5
nose,5
youth,4
3,4
8,4
bubbles,4
hosting,4
marnie,4
laugh,4
andrew,4
harp,4
footprint,4
coffee,4
women,4
pellet,4
produce,4
thanksgiving,4
snowleopard,4
magfn_wilderinstitute_stevenkell-8.jpg,4
kianjavato,4
ethel,4
sunrise,4
"25,",4
kitchen,4
shoot,4
mica,4
lomas,4
klewi,4
chicks,4
nalut,4
facility,4
rainbow,4
general,4
bebe,4
relocation,4
encounter,4
cooper,4
addis,4
kwango,4
soft,4
pancake,4
grass,4
tail,4
hibernation,4
march,4
traps,4
stage,4
month,4
influenza,4
print,4
suzanne,4
gardner,4
b.c.,4
przewalski's,4
ellie,4
creek,4
stream,4
jayman,4
british,4
heart,4
rainforest\,4
about,4
theatre,4
loki,4
katharine,4
30,4
everest,4
blizzard,4
open,4
barb,4
headstart,4
sonya,4
rough,4
mass,4
vegetable,4
kwanza,4
sandy,4
pods,4
stem,4
spotted,4
co-op,4
isolated,4
spree,4
membership,4
x-ray,4
jack,4
horses,4
ray,4
candling,4
peccaries,4
moonbeam,4
ish,4
mountainscape,4
kayla,4
spring,4
panther,4
turtles,4
united,4
gillian,4
scope,4
bullfrog,4
bambootique,4
species,4
admission,4
magfn_wilderinstitute_stevenkell-65.jpg,4
running,4
caring,4
rink,4
jan,4
turkey,4
photography,4
gray,4
grace,4
scovil,4
foal,4
przewalski,4
hestia,4
amphitheatre,4
cart,4
cash,4
cherry,4
vehicle,4
sarnai,4
prarie,4
cave,4
moth,4
filtration,4
outside,4
sponsor,4
game,4
sam,4
bag,4
paraglider,4
foot,4
girls,4
nafeesa,4
signs,4
historic,4
skating,4
valerie,4
"Zoo Grounds, Wild Canada, Alberta, Canada",4
wilder],4
costume,4
khutzymateen,4
delight,4
draw,4
hide,4
edfu,4
taber,4
mother's,4
columbus,4
behind,4
op,4
nature,4
st.,4
families,4
moult,4
donors,4
spoonbills,4
hazel,4
logging,4
flap,4
resource,4
fraser,4
torrey,4
emily,4
hair,4
ready,4
cleaning,4
factory,4
ccc,3
upload,3
cooperative,3
9,3
camp',3
gibson,3
faced,3
blood,3
11).jpg,3
ticket,3
tundra,3
onyx,3
leopards,3
sachi,3
experiment,3
ronne,3
breasted,3
meetings,3
woman,3
2-3,3
naming,3
chief,3
vancouverensis,3
"22,",3
hatching,3
jessica,3
magfn_wilderinstitute_stevenkell-86.jpg,3
malayan,3
len,3
welcome,3
amplexus,3
environmental,3
bamboo,3
poa,3
natasha,3
chilean,3
homer,3
halle,3
checks,3
carnivorous,3
house,3
giraff,3
finance,3
recruitment,3
prairie dog,3
rockhoppers,3
slender-tailed,3
angela,3
markhors,3
dad,3
movie43,3
intro,3
helsinki,3
history,3
wagon,3
silvery,3
kawal,3
mbili,3
banner,3
marmota,3
meal,3
hogs,3
path,3
adult,3
series,3
magfn_wilderinstitute_stevenkell-18.jpg,3
camper,3
hamerkops,3
senha,3
2020,3
trista,3
peaker,3
action,3
mulch,3
song,3
eurasian,3
gloria,3
tara,3
magfn_wilderinstitute_stevenkell-79.jpg,3
streak,3
teyha,3
leadership,3
make,3
sensory,3
04,3
snowing,3
fire,3
band,3
1.,3
11,3
13,3
55.jpeg,3
15,3
16,3
lancelot,3
processing,3
shelter,3
25,3
gordon,3
collaboration,3
coconut,3
distillery,3
gregorie,3
common,3
mary,3
isolda,3
snowball,3
turkmenian,3
magfn_wilderinstitute_stevenkell-68.jpg,3
35.jpeg,3
"Zoo Grounds, Taylor Family Foundation Polar Bear Sanctuary, Wild Canada, Alberta, Canada",3
sbr51376.jpg,3
honeybee,3
dunnit,3
patrick's,3
tickets,3
sheppard,3
holding,3
clubs,3
performance,3
enclosure,3
educate,3
zookeeper,3
grazer,3
magfn_wilderinstitute_stevenkell-20.jpg,3
kimberley,3
lokoro,3
elk,3
2023-10-10,3
translocations,3
gates,3
ahc,3
avrille,3
slade,3
courtship,3
coyote,3
city,3
shed,3
lindsay,3
insect,3
ale,3
bitsy,3
jumping,3
img_0050,3
samwell,3
shopping,3
using,3
margie,3
hiiro,3
pronghorn,3
mystery,3
woodpecker,3
helicopter,3
pokey,3
tour,3
herring,3
triceratops,3
aug,3
jayleen,3
poppies,3
michelle,3
book,3
summit,3
rita,3
istock-1183502408.jpg,3
mouth,3
markor,3
apothecary,3
plan,3
generation,3
watermark,3
chester,3
may11th-1.jpg,3
card,3
gardening,3
sundae,3
shutterstock,3
veterinarian,3
schleich,3
bar,3
magfn_wilderinstitute_stevenkell-19.jpg,3
bb,3
communications,3
partner,3
spider,3
finnegan,3
mache,3
ribbon,3
celebration,3
ancho,3
itsy,3
fynbos,3
bio,3
philips,3
oct,3
apapom,3
jaime,3
lupin,3
owlet,3
exploring,3
discovery,3
report,3
photos,3
primates,3
assiniboine,3
oreo,3
santas,3
paint,3
registered,3
pembina,3
hike,3
amp06788,3
copper,3
audio,3
up,3
stanton,3
"17,",3
kim,3
serrano,3
jihad,3
teals,3
vince,3
institute/calgary,3
teeth,3
alpacas,3
overhead,3
columbia,3
south,3
leaf,3
site,3
sales,3
sbr52015,3
your,2
emma,2
postman,2
0121,2
bullsnake,2
costumes,2
copy.jpg,2
4,2
5,2
7,2
wing,2
kirby,2
object,2
yellow,2
talking,2
vid-2023,2
0146,2
connect,2
n,2
whiteside,2
t,2
illustration,2
wolve,2
_dsc0947,2
carving,2
good,2
ferrets,2
area,2
walker,2
campbell,2
kya,2
peyto,2
delphine,2
wrestle,2
pcl,2
patrick,2
_dsc0933,2
hare,2
pasture,2
hercules,2
service,2
vermilion,2
well,2
reindeer,2
constructionphotoop-2.jpg,2
dsc_3487.jpg,2
channel,2
mule,2
antler,2
pen,2
promotional,2
veren,2
hydragreens,2
dorthy,2
ponds,2
pine,2
meadow,2
toy,2
wishing,2
roland,2
nested,2
platforms,2
pig,2
lay,2
tick,2
herbivore,2
"20,",2
spooky,2
ceremony,2
walk',2
dumeril's,2
dsc03616,2
edmontosaurus,2
"21,",2
img_1382_4.jpg,2
hazo,2
predator,2
snoozing,2
redpanda,2
recycle,2
genet,2
reality,2
dorothie,2
giving,2
arts,2
20230705_165050000_ios.mov,2
=zoo,2
empathy,2
0i9a7001.jpg,2
chari,2
poutine,2
guides,2
donation,2
sagebrush,2
employees,2
p5150231,2
mice,2
5_5.jpg,2
dsc_3323.jpg,2
cairo,2
riley,2
feces,2
fencing,2
watermarked,2
cologo,2
heritage,2
bright,2
solar,2
img_7695,2
enchanted-2,2
haley,2
finniegan,2
cheri,2
"waneta,",2
travel,2
hanging,2
door,2
rhino,2
flames,2
cyclone,2
trek,2
banana,2
drinking,2
lounge,2
workshop,2
highres3,2
dsc_3368.jpg,2
soap,2
05-53-59,2
lounging,2
dsc06606.jpg,2
marmot_vancouver_island013_oli_gardner.tif,2
dsc06935.jpg,2
marking,2
build,2
meat,2
myllo,2
plushie,2
beef,2
mothers,2
solstice,2
mealworm,2
theresa,2
_dsc0076.jpg,2
peter,2
red-crowned,2
teacher's,2
dhg,2
0285,2
ryan,2
down,2
talk,2
journey,2
s&d,2
spur-winged,2
chandler,2
dsc_3439.jpg,2
shutterstock_111343157_wc.jpg,2
crocodiles,2
lunch,2
proudfoot,2
palla,2
(3,2
tracking,2
(5,2
america,2
arial,2
(7,2
randall,2
3-4,2
belt,2
statue,2
sbr51403,2
Hartmann's Mountain zebra,2
"soltice,",2
snakes,2
barbecue,2
together,2
dr.,2
menu,2
evening,2
serve,2
citizen,2
equipment,2
sustainability,2
commemorative,2
julian,2
background,2
belong,2
cichlids,2
threat,2
logos,2
pumpkins,2
10,2
singing,2
17,2
2.,2
22,2
23,2
shower,2
fact,2
27,2
long,2
35,2
blanding,2
star,2
39,2
face,2
44,2
treat,2
48,2
nicole,2
barn,2
moshi],2
55,2
seeds,2
fitz,2
collection,2
scapes,2
scat,2
campaign,2
taveta,2
mask,2
100th,2
icons,2
highres2.png,2
8),2
arctic,2
relation,2
games,2
axel,2
wines,2
throwing,2
uniform,2
maybelle,2
installation,2
bear+,2
2_5,2
gathering,2
bartlett,2
cubes,2
amp07466,2
wwcaptioncontest,2
koala,2
excite,2
lizards,2
img_1837,2
sequence,2
speaker,2
edu,2
6k5a1508.mp4,2
mud,2
arrival,2
jparker_170115_6402,2
eek,2
assistant,2
greens,2
ctrain,2
hands,2
jenn,2
img_1787.mov,2
topiary,2
com09745.jpg,2
amery,2
dsc03419,2
dsc03424,2
close,2
reconciliation,2
chewbacca,2
pegasus,2
female,2
donnell,2
peoples,2
12).jpg,2
educational,2
rex,2
siberian,2
inukshuk,2
09-48-36,2
lauryn,2
wanda,2
afi,2
rick,2
img_9251.heic,2
marmot20,2
horizon,2
stella,2
dsc02147,2
reproduction,2
movie,2
"whooping crane - april 12, 2024 (1 of 1)-2",2
malawi,2
interpretive,2
jane,2
exit,2
spot,2
presenting,2
braya,2
10-57-45,2
sarah,2
june2024,2
hempalta,2
pregnant,2
typhenn,2
all,2
new,2
gordie,2
touch,2
"autumn,",2
activate,2
flamingoes,2
media,2
04-48-43,2
cheese,2
professional,2
meadows,2
dsc01805.png,2
voices,2
baird,2
diversity,2
are,2
ark,2
_dsc0773.jpeg,2
marten,2
kick,2
splashing,2
marmot.jpg,2
administration,2
cobrand,2
jet,2
molt,2
dsc_3441.jpg,2
walkthrough,2
truck,2
shot,2
avi,2
nox,2
supporting,2
hartmann's,2
wah,2
boreal,2
2013-06-30,2
kiosk,2
logger,2
belski,2
larva,2
ozzie,2
invasive,2
3_5,2
aye,2
.png,2
remi,2
hammock,2
conoco,2
display,2
shirt,2
suki,2
nash,2
bel_0449.jpg,2
rogers,2
blackfoot,2
market,2
img_0868,2
eater,2
eagle,2
job,2
daughter,2
drinks,2
peanut,2
istock-942806588.jpg,2
front,2
parent,2
canoe,2
edwards,2
dsc01798.png,2
carve,2
mateo,2
plastic,2
chacoan,2
squeek,2
brother,2
sbr50365,2
eyes,2
montana,2
cardboard,2
panel,2
barney,2
medicine,2
procedure,2
willa,2
shipping,2
franca,2
img_0357,2
parul,2
marble,2
selby,2
fa,2
fc,2
vocal,2
2014-06-13,2
leigh,2
punjabi,2
sphinx,2
wrestling,2
promotion,2
hr,2
emergence_hole,2
director,2
bel_0365.jpg,2
parrot,2
dumeril,2
molting,2
3_5.jpg,2
sysco,2
candle,2
hockaday,2
office,2
teachers',2
months,2
dirt,2
dsc_3471.jpg,2
zsazsa,2
entry,2
burks,2
seal,2
songmeter,2
wheel,2
dsc_6523.png,2
dsc03508,2
102,2
dji_0012,2
earth,2
dancing,2
taxidermy,2
salad,2
dossi/jasiri,2
scent,2
whopping,2
20230725_080329,2
breaking,2
interpreter,2
morning,2
2011-09-25,2
activity,2
seniors,2
"13,",2
teens,2
bleu,2
2011-09-17,2
intern,2
laying,2
launch,2
_dsc0465,2
dennis,2
phillipe,2
pyxis,2
highres1.png,2
khoti,2
ocean,2
desk,2
jorah,2
landowner,2
wheelchair,2
13).jpg,2
we,2
wildrun,2
img_4259,2
reading,2
minya,2
wicz,2
dsc02149,2
cone,2
review,2
roar,2
natural,2
flag,2
behaviour,2
sound,2
treasures,2
dsc06655.jpg,2
parks,2
202304242023,2
salmon,2
conocophillips,2
nose-it,2
week,2
cannonball,2
albert,2
canva,2
february,2
animatronic,2
palmer,2
rival,2
tortoises,1
hoggard,1
camera2.jpg,1
recruiting,1
arm in arm,1
dsc00583.jpg,1
energy,1
green49,1
*,1
mulberry,1
analysis,1
cove,1
6,1
drums,1
educators,1
penguin],1
-	com07855.jpg,1
hang,1
*usedinsocial,1
ceo,1
turk,1
minds,1
bugs,1
magfn_wilderinstitute_stevenkell-66.jpg,1
3.mov.00_00_00_00.still001.png,1
renate,1
hand,1
_,1
sbr51586,1
salt,1
committee,1
d,1
benches,1
f,1
kenneth,1
forests,1
s,1
throw,1
x,1
days,1
information,1
cozy,1
journaling,1
&culture,1
dsc02347,1
skeleton,1
andrea,1
selfie,1
avery,1
sparring,1
conversation,1
karina,1
pc;,1
dsc03209,1
check,1
gps,1
8th,1
eatin',1
toast,1
success,1
com09649.jpg,1
felicien,1
0193,1
memberships,1
Bears,1
lilac,1
peas,1
treasure,1
-	com07857.jpg,1
jocelyn,1
colouring,1
pcr,1
umbrella,1
with,1
veggies,1
splash,1
ovintiv,1
gates\,1
2f8ed,1
crane\,1
rainy,1
owl',1
pet,1
vivan,1
com06125,1
masks,1
doofus,1
bull,1
vaccination,1
round-nosed,1
queen,1
institut,1
pins,1
amp06210.jpg,1
com07964.jpg,1
tom,1
peep,1
buow,1
native,1
img_7370.mov,1
img-20230513-wa0007.jpg,1
tot,1
90735,1
calama,1
product,1
short-tailed,1
question,1
quill,1
owl\,1
walks,1
khs03688.jpg,1
com,1
capital,1
cop,1
cow,1
pin,1
burger,1
coral,1
sbr52015.jpg,1
tra,1
amp07883.jpg,1
hatch,1
adventure,1
buckwheat,1
coolers,1
amp08209-2.jpg,1
cessna,1
chicken,1
isalo,1
scenery,1
tier,1
pedro,1
lamar,1
design,1
busy,1
skull,1
15-35-29,1
pastor,1
crescent,1
4158,1
csi,1
wall,1
com04925.jpg,1
23-,1
aabd9c88-5532-42b3-8c4a-1f34f769bbbf,1
com06791.jpg,1
240,1
footprints,1
img_4109,1
cycad,1
items,1
two,1
celest,1
"Zoo Grounds, Destination Africa, Land of Lemurs, Alberta, Canada",1
may11th-2.jpg,1
graphic,1
antlers,1
"26,",1
stegosaurus,1
dossie,1
khs08579,1
1929,1
khs08578,1
smith,1
lid,1
shovel,1
feathers,1
volunteering,1
"care,",1
brush,1
shop[,1
weight,1
jacket,1
5_5,1
hbo,1
zoo4boo,1
cards,1
wave,1
bedding,1
kotu,1
stare,1
wilderinstitute_logo_,1
vesuvius,1
center,1
c6700,1
start,1
fernald,1
santoline,1
cooler,1
sb1_0432,1
time,1
composting,1
shadow,1
20230704_215534698_ios.heic,1
climb,1
dsc08808,1
com02698,1
rheas,1
unload,1
hey,1
redevelopment,1
img_5041,1
coast,1
chris,1
nlfs,1
holiday',1
cycy,1
log,1
planned,1
smart,1
wchs_1.jpg,1
nesting,1
yip,1
grous,1
chair,1
calves,1
decken,1
pipeline,1
dsc07483.jpg,1
fungi,1
clip,1
creston,1
guidebook,1
artwork,1
romaine,1
0214,1
madinka,1
otter\,1
colony,1
teepee,1
paddle,1
point,1
aye-aye,1
dsc_0076-140cad0968b6d4065853b1edd5c380653.png,1
introduction,1
built,1
may11th-20.jpg,1
teapot,1
masai,1
festiva,1
catelyn,1
amp09347.jpg,1
teme,1
alcpa,1
presidents,1
dsc03757,1
sb1_0192,1
pxl_20250428_153838991.jpg,1
trip,1
knowledge,1
mandrills,1
bucket,1
apn_2664,1
bathing,1
0258,1
treatment,1
sustainable,1
technologist,1
skyline,1
fool's,1
0268,1
journal,1
hibernating,1
mind,1
bins,1
business,1
shoes,1
blast,1
katherine,1
legged,1
amp06096,1
dsc01085.jpg,1
dsc07308.jpg,1
paul,1
desert,1
dig,1
enjoying,1
kalahari,1
zululand,1
whoop,1
test,1
dji_0049.dng,1
planet,1
entranc4e,1
kinship,1
2000,1
succulent,1
0298,1
ok’takii—,1
gorila,1
auditorium,1
hognose,1
cinnamon,1
gorill,1
berries,1
calin,1
2006,1
harvesting,1
2004,1
company,1
thomas,1
reception,1
lacey,1
gathirathiru,1
wild owls,1
robinson,1
2014,1
hug,1
injection,1
egret,1
ransom,1
sbr51870,1
(1,1
(4,1
(6,1
tiles,1
wchs_1_dance.jpg,1
balance,1
lock,1
chloe,1
lying,1
magfn_wilderinstitute_stevenkell-29.jpg,1
jaguar,1
trading,1
_dsc0609,1
fiona',1
ellis,1
dsc01997,1
rough-legged,1
government,1
man,1
biodiversity festival,1
img_8097,1
sb1_0115,1
magnetawan\,1
giraffe],1
feet,1
recognition,1
banquet,1
nursing,1
baines,1
202304242023-04-24,1
geographic,1
host,1
international,1
waste,1
malagasy,1
magfn_wilderinstitute_stevenkell-16.jpg,1
friends,1
esteban,1
surveys,1
com07568,1
best,1
meg,1
song-meter,1
2023.png,1
waving,1
com00836-2,1
amp09745-hdr.jpg,1
animal;s,1
cover,1
hiding,1
katiebutterflyfriendhighfive.jpg,1
"1,",1
year's,1
12,1
6487,1
scratching,1
19,1
frozen,1
husbandry,1
esmerelda,1
balm,1
5148,1
5149,1
6494,1
archambault,1
24,1
28,1
scan,1
endtile,1
blandings,1
hyraxes,1
into,1
cedar,1
wolv,1
fred,1
landscapes,1
1.jpg,1
releases,1
bushbuck,1
rangers,1
inspire,1
barredowl,1
43,1
numbers,1
project,1
transmitter],1
khs08881,1
loop,1
burrows,1
norther,1
khs04044,1
dsc06900.jpg,1
bear\,1
amp08730,1
locke,1
shaun,1
arriv,1
ranger,1
sheila,1
update,1
recording,1
sleepy,1
b-roll,1
canary,1
rentals,1
jarmula,1
mara,1
prints,1
belinda,1
marc,1
amp09652.jpg,1
jason,1
bask,1
step,1
sunshine,1
garter,1
stepping,1
dsc_0060.png,1
m7or6,1
miramar,1
khs08848,1
wayfinding,1
crest,1
van,1
worm,1
gantry,1
cattle,1
100th owl,1
nursery,1
pekoe,1
img_6487.jpeg,1
word,1
internal,1
diner,1
steep,1
0791,1
nick,1
partnerships,1
ear,1
monkey\,1
eat,1
docuseries,1
springtime,1
mt.,1
0i9a4699.jpg,1
uniquely,1
bear.,1
hornworms,1
0311,1
culture,1
craft,1
float,1
zoo school,1
0326,1
dumerils,1
dsc03288,1
lotte,1
belskey,1
recruit,1
calvary,1
squeaks,1
mug,1
repair,1
mohkinstsis,1
magfn_wilderinstitute_stevenkell-81.jpg,1
vincent,1
tentree,1
elder,1
platform,1
com06603.jpg,1
dinosaurs,1
operations,1
chileanflamingo,1
stephen,1
charging,1
round,1
watering,1
dessert,1
churchill,1
img_1811,1
ambassador,1
red-fronted,1
sophie,1
carrot,1
cattail,1
tater,1
scow,1
music,1
",ar,pt",1
poop,1
graduate,1
zoobee,1
tcenergy,1
rat,1
kathryn,1
bainbridge,1
planning,1
apn_2306,1
3401,1
knapwee,1
southern,1
rr3691-0298_flt-min,1
2f8,1
-	com07847.jpg,1
-	com07856.jpg,1
pork,1
learn,1
#usedinsocial,1
rdd,1
abs,1
notes,1
loggers,1
sprint,1
blonde,1
leave,1
gifts,1
dsc_4353,1
article,1
20230704_215731212_ios,1
img_1798,1
cougars,1
guideline,1
washington,1
historicall,1
directors,1
-	com07863.jpg,1
dsc03465,1
satellite,1
wallaby,1
memphis,1
magfn_wilderinstitute_stevenkell-67.jpg,1
2019-09-30,1
frogc,1
clipped,1
olenna,1
img_3736.mov,1
shah,1
mating,1
stills,1
gopro,1
ecological,1
whistle,1
Asian wild horse,1
dsc01621,1
zella,1
img-20231006-wa0000.jpg,1
hairs,1
sb1_0217,1
chelsea,1
kelly,1
andes,1
headstarting,1
bubble,1
electronic,1
zoological,1
macaques,1
2180,1
lanthier,1
boat,1
sbr51747,1
jalapeño,1
moad,1
royal,1
humboldts,1
scaled,1
duke,1
_dsc0308,1
meatball,1
read,1
acoustic,1
ok'takii,1
2025],1
tony,1
ginger,1
kingpenguin,1
lowry\,1
amy,1
clip.mov.00_00_03_18.still001.png,1
pheonix,1
ron,1
-	com07854.jpg,1
anb,1
pisco,1
expo,1
ann,1
sbr50414.jpg,1
foals,1
garnett,1
compilation,1
hummingbird,1
puppets,1
johnson,1
haines,1
02347,1
slush,1
aberdares,1
hosts,1
spirits,1
monitoring,1
mount,1
savannah_video,1
envelope,1
rings,1
mobility,1
parakeets,1
enirchment,1
cookies,1
waterfall,1
beverage,1
came,1
elephants,1
ari,1
catherine,1
genetic,1
call,1
asl,1
philip,1
jen,1
donate,1
dust,1
_1.77.3.jpg,1
dsc07899.jpg,1
tapir\,1
museum,1
swinging,1
lowry,1
cheri],1
danelle,1
classes,1
cathy,1
show,1
dsc01993.jpg,1
sep192021_unsorted_edited,1
arrive,1
sb1_0208,1
news,1
onawa,1
way,1
wagons,1
grasslands-9,1
sibling,1
wood buffalo,1
cape,1
patuxent,1
container,1
amorphophallus,1
leader,1
"07,",1
educations,1
0402,1
axl,1
khs04497.jpg,1
istock-144318503.jpg,1
give,1
item,1
images,1
slide,1
com07260.jpg,1
grill,1
hoarding,1
aster',1
devonian,1
accessability,1
wlnp,1
more,1
ducks,1
cats,1
education\,1
20170822_115029_001,1
hatchling,1
dairy,1
stuff,1
booking,1
widow,1
keating,1
raw03682.jpg,1
enrich,1
vine,1
plaques,1
survival,1
dsc07928-2.jpg,1
com03053.jpg,1
veteran,1
alpine,1
andre,1
sb1,1
frond,1
bowl,1
institut3,1
alone,1
rocks,1
diet,1
move,1
shibley,1
shine,1
oyster,1
porcupin,1
carmen,1
amp06059,1
fin,1
guinea,1
augustus,1
0487,1
giant,1
excited,1
bel0971,1
com02044,1
caza,1
an,1
in-school,1
looking,1
sbr50393,1
duffy,1
Vancouver Island marmot,1
(1),1
still003,1
bd,1
wintergreen,1
be,1
623420441-huge,1
dsc_5156,1
ca,1
tooth,1
amp08094-hdr,1
set,1
kid's,1
sample,1
flatsheet,1
cw,1
jul,1
dr,1
tiger],1
dy,1
_dsc0308.jpeg,1
garbage,1
et,1
amp09534.jpg,1
she,1
nosed,1
roasting,1
containers,1
_dsc0845,1
visiting,1
snapping,1
h.,1
butterfly\,1
songbird,1
corinne,1
dsc_8193.png,1
lemon,1
gg,1
immobilization,1
go,1
dsc06621.jpg,1
weasel,1
blue-billed,1
counter,1
management,1
ee8c649c-5d9c-43de-9cd2-d8e201feed54.jpeg,1
fort,1
humans,1
penguineer,1
pallas',1
worms,1
husky,1
congress,1
crowd,1
bin,1
20220824,1
diving,1
primrose\,1
khs03817,1
crown,1
misty,1
traditional,1
christma,1
john,1
20220805,1
jo,1
sbr51615,1
bel_1572,1
world,1
december,1
vets,1
barbara,1
change,1
off,1
places,1
dungey,1
hvac,1
amp08953-hdr-edit.jpg,1
flamingo],1
lt,1
\fact,1
edge,1
sos,1
brunch',1
communication,1
brian,1
meter,1
mt,1
bel_0775.jpg,1
3174,1
my,1
tag_gorilla,1
coat,1
dish,1
kruger,1
gaze,1
parents,1
bride,1
code,1
weeding,1
dsc03501,1
dji_0001,1
dji_0002,1
dji_0003,1
dive,1
srb,1
sports,1
dji_0006,1
senior's,1
img_4751.jpeg,1
dji_0013,1
dji_0014,1
110,1
province,1
51403,1
exhibit,1
squirrel,1
2011-09-20,1
seed,1
all photos - 1 of 1,1
00001.jpg,1
sa,1
procupine,1
amp06787,1
hillary,1
one,1
quito,1
bum,1
butterly,1
alexandrine,1
v7,1
pupa,1
builders,1
joint,1
endangered,1
waffles,1
express,1
horizontal,1
lick,1
raw01240.jpg,1
unloading,1
stem-aster,1
migrating,1
us,1
vocalizing,1
mealworms,1
kenicki,1
uv,1
smiling,1
com02784.jpg,1
nelson,1
hide],1
ops,1
saskatoon,1
vm,1
tique,1
dsc03465\,1
khs08635,1
edna,1
idea,1
vertical,1
learning,1
cold,1
cole,1
wi,1
wm,1
sza,1
wide,1
heic,1
alastair,1
aires,1
amp06331,1
misc.,1
pdog,1
antenna,1
nutrien,1
8c4a,1
ecosystem,1
hornworm,1
zooready,1
dsc07709.jpg,1
odyssey,1
peacocks,1
weather,1
voluntary,1
asleep,1
laurel,1
enrique,1
vasilli,1
pollinator,1
comb,1
eburu honey,1
zl,1
choco,1
com09856.jpg,1
indoor,1
hive,1
img_6487,1
long's braya,1
sbr52025,1
tools,1
promo,1
amp09625.jpg,1
leah,1
noor,1
dark,1
beeswax,1
fending,1
digging,1
"building,",1
help,1
sbr51184,1
whitehandedgibbon,1
snail,1
corp,1
soursop,1
plain,1
tad,1
only,1
tag,1
guidelies,1
thumbnail,1
curious,1
fedak,1
creatures,1
oxs,1
brisk,1
cauliflower,1
riding,1
hero,1
recovery,1
birdwatching,1
2022-08-19,1
lima,1
sbr50267.jpg,1
cuisine,1
black-and-white,1
07722,1
godwin,1
magfn_wilderinstitute_stevenkell-69.jpg,1
lily,1
challenge,1
peacock\,1
diehli,1
,
Search Terms with No Results,
bear,55
wild,43
zoo,31
big,30
penguin,29
conservation,29
the,28
brunch,28
wilder,27
hub,27
polar,27
horn,26
crane,25
owl,25
baffin,24
sheep,24
of,23
zoodunnit,22
whooping,22
alberta,21
garden,21
zoobrew,19
red,18
and,18
drag,17
augustus,16
hippo,16
limestone,15
gorilla,15
bongo,15
day,14
dog,14
animal,14
frog,14
champions,14
gate,14
brew,13
biofact,13
egg,13
in,13
northern,13
legacy,13
flapjack,12
leopard,12
moco,12
dinner,12
lemur,12
lochlan,12
festive,11
prairie,11
feast,11
photo,11
grouse,11
telemetry,11
siku,11
james,11
north,11
sage,11
geese,10
festival,10
eyare,10
img_30608,10
flood,10
breakfast,10
wcap,10
barrens,10
dino,10
after,9
lapwing,9
snow,9
hours,9
merry,9
humbolt,9
halfmoon,9
fire,9
tiger,9
academy,9
brittany,9
canada,9
emara,9
otter,9
zoolights,9
clinic,9
bbq,9
boyd,9
caribou,9
-,8
vasili,8
mountain,8
washed,8
pancake,8
xray,8
teddy,8
surprise,8
sitatunga,8
holiday,8
touch,8
african,8
kouma,8
halloween,8
hottentot,8
table,8
corporate,8
heat,8
pygmy,8
night,7
harvest,7
marmot,7
park,7
grazers,7
ashore,7
virtual,7
highlands,7
hort,7
calgary,7
tapir,7
newman,7
beary,7
burrowing,7
royal,7
touchtable,7
lolita,7
art,7
croc,7
valentine,7
cart,7
locked,7
cabin,7
teeth,7
tanuk,7
panda,7
wildcare,7
serg,6
oli gardner,6
asian,6
chico,6
eburu,6
leo,6
panada,6
tree,6
bebe,6
bird,6
asia,6
song,6
julian,6
stampede,6
tater,6
abf,6
jalapeno,6
species,6
neo,6
snowy,6
hiiro,6
nlf,6
princess,6
okabe,6
neilson,6
king,6
flamingo,6
remembrance,6
plaza,6
box,6
zebra,6
to,6
quest,6
aurora,6
rock,6
factory,6
1,5
blue,5
empty,5
barbeque,5
with,5
footprint,5
grizzley,5
pit,5
css,5
musk,5
team,5
stuffed,5
gaary,5
dorothy,5
video,5
you,5
hot,5
magnetewan,5
inca,5
train,5
kinship,5
una,5
baby,5
2024,5
may,5
rhea,5
ariel,5
ball,5
backpack,5
massasauga,5
poppy,5
fred,5
crate,5
ice,5
sarma,5
arctic,5
magnetawan,5
amery,5
johari,5
retail,5
captioncontest,5
istock,5
camp,5
volunteer,5
firepit,5
greater,5
game,5
diet,5
puppet,5
samka,5
snowglobe,5
at,5
food,5
for,5
canadian,5
bio,5
warden's,5
camera,5
hairstreak,5
contest,5
conference,5
hillary,5
kolesar,5
gfl,5
grizzly,5
data,5
snake,5
security,5
antonio,4
khutzey,4
lion,4
a,4
carving,4
lite,4
andrew,4
warden,4
usedinsocial,4
adrien,4
bugtopia,4
falkland,4
muscox,4
tot,4
west,4
humboldt,4
teacher,4
wall,4
img_3261_full,4
hitmen,4
rememberance,4
giving,4
escape,4
teal,4
chevron,4
school,4
savannah,4
tilly,4
program,4
jasmine,4
wildlife,4
chef,4
catelyn,4
commissary,4
staff,4
khutzy,4
lichen,4
maureen,4
pcesc,4
harvey,4
gentoo,4
radio,4
guam,4
hour,4
keeper,4
coconut,4
admin,4
kwanza,4
akio,4
worm,4
event,4
brunner,4
esmeralda,4
mikumi,4
biodiversity,4
forest,4
abc,4
swift,4
horizon,4
vanessa,4
zella,4
duke,4
net,4
tool,4
dance,4
valentines,4
kids,4
tour,4
sihek,4
foal,4
white,4
wildscapes,4
chrysalis,4
transmitter,4
shirt,4
enchanted,4
donna,4
scavenger,4
samkha,4
hunt,4
moth,4
outside,4
tortoise,4
donor,4
hopper,4
bat,4
mateo,4
cardboard,4
tortise,4
bunch,4
whopping,4
bug,4
peacock,4
beaver,4
iucn,4
kid,4
mountian,4
sempurna,4
flap,4
meerkat,4
recovery,4
cam,4
cleaning,4
theseus,4
tuesday,4
anthem,3
emma,3
wing,3
kirby,3
nibble,3
weichau,3
n,3
thank,3
adrian,3
murder,3
scenes,3
crested,3
room,3
whoopiong,3
veren,3
picnic,3
sariaka,3
champion,3
kingfisher,3
lala,3
wechaiu,3
pinata,3
pedro,3
lamar,3
opening,3
jessica,3
helen,3
events,3
reality,3
cycad,3
cut,3
routine,3
festivcal,3
jetpack,3
bison,3
shoot,3
hat,3
brush,3
kramer,3
peeper,3
three,3
dinosaur,3
trap,3
light,3
falmingo,3
pand,3
centre,3
artwork,3
water,3
otters,3
botanical,3
dose,3
outro,3
oxen,3
down,3
porpoise,3
tali,3
hatter,3
2021,3
nanogram,3
peaker,3
field,3
summer,3
barbecue,3
mad,3
stream,3
hannah,3
logo,3
bera,3
turtle,3
equipment,3
deforestation,3
background,3
newfoundland,3
about,3
12,3
booth,3
long,3
wood,3
carrie,3
keyera,3
co-op,3
eat,3
first,3
wwcaptioncontest,3
from,3
dunnit,3
membership,3
jack,3
vhf,3
bit.ly/ce-canto,3
neshcheret,3
scott,3
khut,3
frogs,3
rex,3
rick,3
cran,3
zye,3
c5101,3
boar,3
rio,3
jana,3
bambootique,3
shea,3
kingpenguin,3
waasi,3
enrichment,3
jan,3
boil,3
spoonbill,3
flash,3
are,3
porcupine,3
black,3
run,3
hestia,3
imagine,3
horned,3
shop,3
green,3
logger,3
riva,3
chocolate,3
care,3
alistair,3
bighorn,3
market,3
daily,3
stuffy,3
takin,3
peanut,3
gala,3
zoodunit,3
mates,3
freya,3
tooth,3
plunge,3
tigers,3
carlos,3
finnegan,3
horticulture,3
alison,3
venue,3
class,3
living,3
tunnel,3
ravi,3
zrar,3
chango,3
trinity,3
bridgeland,3
eden,3
philippe,3
birthday,3
no,3
behind,3
lepoard,3
head,3
ssp,3
brand,3
breya,3
yoga,3
kenya,3
fourth,3
giftshop,3
snowglobes,3
cavalry,3
sunlights,3
rhubarb,3
vr,3
alfred,3
life,3
hiro,3
wildrun,3
20050603whoopers_md002,3
guide,3
alligator,3
muskox,3
sunlight,3
curious,3
brite,3
car,3
godwin,3
babley,3
hall,2
your,2
youth,2
inflatable,2
penguion,2
tea,2
pores,2
makira,2
willow,2
4,2
6,2
backback,2
youri,2
blond,2
duran,2
spanning,2
\,2
flip,2
c,2
kenneth,2
blood,2
t,2
prehistoric,2
god,2
otavi,2
serigei,2
shipment,2
pay,2
nestle,2
toast,2
girrafe,2
clouds.,2
creature,2
corks,2
ringtail,2
pcl,2
patrick,2
hercules,2
lady,2
focus,2
american,2
ultra,2
camel,2
pliers,2
skunk,2
extinguisher,2
fiber,2
hydragreens,2
felicity,2
birth,2
classroom,2
goirlla,2
fractal,2
microscopic,2
bull,2
women,2
gus,2
carousel,2
owls,2
biomechanical,2
chickadee,2
fundraise,2
rose,2
prar,2
lay,2
piercing,2
fruit,2
friday,2
kolb,2
stuffie,2
penelope,2
lamb,2
prey,2
karin,2
prep,2
each,2
napolean,2
humming,2
kitchen,2
funny,2
claw,2
reflective,2
guided,2
painterly,2
eastern,2
marathon,2
"28,",2
jasiri,2
hbo,2
chalk,2
birdies,2
"background,",2
arya,2
benjen,2
lomas,2
piper,2
cuddle,2
cooler,2
illuminated,2
rebecca,2
happy,2
golden,2
trao,2
gallery,2
cowboy,2
humboltd,2
tegu,2
chicks,2
bright,2
alien,2
lot,2
fundraising,2
low,2
haley,2
nybo,2
greenlaw,2
transitions,2
pallaw,2
hitman,2
jordan,2
group,2
bit.ly/visitorengagement-canto,2
30608,2
island,2
history,2
lrt,2
aqua.mp3,2
gibbon,2
tent,2
wagon,2
aye-aye,2
clear,2
relocation,2
ferret,2
trailcam,2
den,2
beer,2
jump,2
gardems,2
pass,2
millions,2
muskoxen,2
albums,2
gardens,2
skyline,2
hibernation,2
june,2
abcx,2
juno,2
trail,2
club,2
zululand,2
info,2
cinematic,2
minnow,2
tano,2
maria,2
reception,2
human,2
grand,2
prawns,2
lemurs,2
print,2
egret,2
priarie,2
nouveau,2
(1,2
thick,2
action,2
b.c.,2
isabel,2
rattlesnake,2
made,2
cream,2
bell,2
lobi,2
yuki,2
anatomy,2
"surfaces,",2
skin,2
trailer,2
file,2
brit,2
blair,2
member,2
midground,2
raphael,2
telus,2
leapord,2
feet,2
mail,2
grianne,2
aslan,2
1)-2,2
heart,2
trash,2
teambuilder,2
kwando,2
millie,2
photorealistic,2
harvie,2
32k,2
ruby,2
orange,2
hotn,2
wbnp,2
scream,2
holographic,2
skoki,2
unique,2
ministry,2
hisotry,2
safari,2
endtile,2
ymca,2
pocupine,2
butterfly,2
mfn_wi_sk-16,2
7358,2
people,2
geometry,2
open,2
barn,2
five,2
fitz,2
biofacts,2
species*,2
fabrics,2
cranw,2
laboratory,2
flying,2
chuchman,2
alysanne,2
ranger,2
marcella,2
sandy,2
catering,2
conservaiton,2
hippop,2
games,2
work,2
solomon,2
photorealism,2
snowball,2
isolated,2
meekat,2
"atmosphere,",2
liquid,2
sharon,2
perfect,2
crystalline,2
tomat,2
exploration,2
tortis,2
vet,2
covered,2
mercury,2
annex,2
comisary,2
"runes,",2
gorlla,2
vivian,2
resolution,2
vip,2
ibis,2
zsa,2
magentawan,2
couple,2
historical,2
intricately,2
spring,2
biobanking,2
crooked,2
trust,2
wild run,2
vaasjo,2
praire,2
pgymy,2
ivf,2
satellite,2
(1).jpg,2
cockroach,2
jess,2
tarantula,2
joharu,2
wildescapes,2
gift,2
arielle,2
thousands,2
slade,2
giraffe,2
aid,2
louste-fillion,2
emare,2
wlak,2
indigenous,2
rockhopper,2
new,2
cafe,2
panorama,2
individually,2
jumping,2
20230,2
trick,2
enmax,2
moosehead,2
komodo,2
borrowing,2
llew,2
cheers,2
megacity,2
nail,2
voices,2
allergy,2
simultaneous,2
thistle,2
pounce,2
gray,2
commisary,2
embroidered,2
"hairs,",2
through,2
textures,2
"skyscrapers,",2
brenda,2
mother,2
mouse,2
town,2
brushwork,2
sandhurst,2
walkthrough,2
mwangi,2
reflections,2
rocco,2
shot,2
boot,2
boreal,2
"vegetation,",2
krill,2
markor,2
raft,2
fat,2
watermark,2
kokemor,2
20240306_134828.jpg,2
great,2
boars,2
serrow,2
talent,2
prarie,2
rain,2
visible,2
survival,2
keel,2
hyper-ultra-mega-detailed,2
takoda,2
giza,2
grainne,2
bustling,2
sad,2
3975,2
butter,2
porcupie,2
bag,2
fis,2
plant,2
drive,2
jones,2
smoothly,2
advertisements,2
extinction,2
by,2
seafood,2
"optics,",2
toger,2
glowing,2
river,2
perseus,2
cynthia,2
celebration,2
western,2
party,2
wechiau,2
mandrill,2
fox,2
leigh,2
pesticide,2
punjabi,2
wearing,2
weasel,2
very,2
bin,2
giragge,2
model,2
animals,2
csec,2
fro,2
"infrared,",2
khutzymateen,2
leika,2
jr,2
asara,2
viewed,2
delight,2
geeze,2
gizzly,2
sign,2
toothbrush,2
pools,2
photos,2
"foreground,",2
high,2
lemus,2
half-moon,2
mother's,2
meter,2
colobus,2
chosen,2
zootique,2
dream,2
boa,2
volumetric,2
rays,2
dozens,2
ollie,2
bloodsicle,2
playground,2
kat,2
facial,2
cross,2
earth,2
upper,2
languages.,2
scene,2
"12,",2
squirrel,2
"ultraviolet,",2
olw,2
joanna,2
mcdonald,2
juanita,2
grouds,2
st,2
lowland,2
vast,2
kenys,2
phillips,2
endangered,2
balsa,2
piura,2
capturing,2
noir,2
up,2
smiling,2
giant’s,2
opp,2
ve,2
ocean,2
neon-colored,2
desk,2
honey,2
wm,2
gas,2
kaya,2
alastair,2
airel,2
dragon,2
foreground,2
april,2
kissing,2
otc,2
tanuck,2
como,2
bianca,2
gdi,2
zs,2
scared,2
ginny,2
out,2
leah,2
leap,2
coop,2
westjet,2
caitlin,2
edible,2
snail,2
sound,2
individual,2
steiner,2
jamie,2
pands,2
buisness,2
person,2
ground,2
necessities,2
britt,2
birdwatching,2
floating,2
canto,2
jalepeno,2
brady,2
sleigh,1
half,1
ccf,1
cco,1
pembin,1
twins,1
ooter,1
victor,1
pick,1
antonia,1
rabbit,1
canaidan,1
emly,1
dwcc,1
jessee,1
bullsnake,1
sister,1
liob,1
&,1
',1
camle,1
scratch,1
moose,1
volunteers,1
egiptian,1
3,1
evacuate,1
sempura,1
cove,1
telemetric,1
hitment,1
weir,1
newspaper,1
tadpole,1
flight,1
harbour,1
0i9a4697.jpg,1
penguing,1
cranecamera,1
thron,1
minds,1
gold,1
vancouver,1
bugs,1
golf,1
plush,1
lp208872,1
peligan,1
commission,1
porcu,1
flio,1
lights,1
platypus,1
americana,1
saspadilla,1
eyarew,1
barbeqye,1
conrad,1
faced,1
whiteside,1
v,1
sunset,1
surgery,1
prehistoria,1
garde,1
broadway,1
hyraz,1
chils,1
goayt,1
got,1
mountiain,1
selfie,1
toothcomb,1
nywala,1
che,1
check,1
8th,1
ngawa,1
gorillaokabe,1
binos,1
peoplecolobus,1
pengiun,1
young,1
camke,1
lenn,1
lens,1
commissarry,1
lemu,1
tadida,1
penguiin,1
bel_0722,1
grzaers,1
amp00002,1
hare,1
bacterian,1
fernalds,1
kokmore,1
butteerfly,1
shampions,1
laen,1
cheer,1
eyarie,1
service,1
coffee,1
handling,1
whoping,1
carouse;,1
consevation,1
srteve,1
pterodactyl,1
pea,1
cornelius,1
camek,1
poalr,1
swmpurna,1
avens,1
mocco,1
promotional,1
africa,1
aria,1
wellen,1
dorthy,1
shutterstock_18411058,1
rainforeest,1
intelligence,1
eatingteddy,1
velander,1
experiencestiger,1
million,1
canto:,1
sanctuaryegret,1
zoomap,1
gum,1
pink,1
yfestival,1
anda,1
egyptian,1
pshana,1
bandage,1
sproint,1
owlk,1
tom,1
top,1
yusef,1
feasstive,1
monday,1
product,1
short-tailed,1
question,1
pacific,1
pastry,1
pivotal,1
curiously,1
verticle,1
php,1
com,1
petrochina,1
spook,1
pic,1
employee,1
platforms,1
isand,1
lipon,1
sater,1
wake,1
lan,1
gibbonstiger,1
pitcher,1
stock,1
zoodun,1
law,1
goart,1
black-tailed,1
dinny,1
christmas,1
penguisn,1
chick,1
ppolar,1
leyla,1
grazers-corp-9,1
ceremony,1
naming,1
we're,1
weddin,1
hightea,1
boulder,1
spurwing,1
footer,1
phillippe,1
zoolighs,1
maintenancr,1
laura,1
footed,1
rhett,1
land,1
crg,1
orilla,1
skull,1
cammel,1
torpor,1
dossienmax,1
pengine,1
marshlands,1
sfd*,1
cranew,1
harness,1
dinpo,1
sketch,1
maintenance,1
pelt,1
mastercard,1
pits,1
lee,1
leg,1
malayan,1
cleme,1
lek,1
len,1
situtunga,1
press,1
lew,1
oeaon,1
02304242023-04-24,1
ivan,1
gertrude,1
pack,1
circle,1
cup,1
powell,1
1f34f769bbbf,1
entertainment,1
caragona,1
battery,1
knapweed,1
hibernate,1
carib,1
pop,1
poo,1
por,1
tortuse,1
hyraxx,1
builder,1
think,1
radiograph,1
wi/cz,1
bearbear,1
watch,1
chinook,1
bongocrane,1
peccery,1
anni,1
rokchopper,1
marshie,1
poutine,1
kemya,1
anne,1
had,1
panini,1
guides,1
eowls,1
things,1
donation,1
has,1
powerchair,1
champ,1
biomimicry,1
whtie,1
purple026,1
wash,1
halle,1
mariia,1
harrison,1
swif,1
wars,1
tatertot,1
swim,1
coastal,1
prank,1
salamander,1
cuddling,1
house,1
mice,1
whoopi,1
weichua,1
tina,1
convention,1
townhall,1
klewi,1
kutzi,1
center,1
c6700,1
shore,1
technician,1
meerkatbutternut,1
fallen,1
conse,1
duesk,1
gateway,1
feces,1
parking,1
sunbathing,1
lobsparky,1
nyawa,1
pun,1
sonogram,1
inflatible,1
alice,1
watermarked,1
palu,1
kutzy,1
tipi,1
unload,1
cayote,1
firepits,1
keewatin,1
awbp,1
heritage,1
shelfon,1
junior,1
anicet,1
chris,1
chrvron,1
birghorn,1
aviart,1
lawn,1
telemet,1
spatula,1
cycy,1
waza,1
solar,1
tadashi,1
equatorial,1
jasirir,1
pana,1
chese,1
goraffe,1
fondue,1
computer,1
sagegrouse,1
cellphone,1
pauki,1
darryl,1
ual,1
yip,1
butterfluy,1
dole,1
barren,1
baritu,1
fiona,1
milkjar,1
eros,1
clip,1
marmopt,1
truckj,1
trex,1
peccary,1
experience,1
ampitheater,1
dan,1
dam,1
conservcaiton,1
groue,1
educationadam\,1
beat,1
gopher,1
drinking,1
pallas's,1
wetland,1
workshop,1
archive,1
rainbow,1
stqampede,1
madinka,1
grassy,1
penguibn,1
asar,1
bike,1
archibald,1
revenge,1
buterfly,1
taiga,1
chilkdren,1
buidling,1
frica,1
festiva,1
clean,1
lette,1
antoinette,1
soci,1
meat,1
interaction,1
cooper,1
zooday,1
pruning,1
plushie,1
outapo,1
caribouhyrax,1
pumpkn,1
beef,1
viewing,1
abbc,1
cockroaches,1
trim,1
dev,1
mothers,1
dental,1
makhor,1
classroo,1
impact,1
active,1
allium,1
christine,1
whipped,1
brumation,1
siksika,1
humbodlt,1
1584,1
transalta,1
corpse,1
champtions,1
frydman,1
penuin,1
treatment,1
sustainable,1
img_4109.hec,1
radish,1
eggret,1
bottle,1
feats,1
mint,1
clément,1
hibernating,1
grass,1
farming,1
bins,1
dhg,1
kolb's,1
mini,1
tail,1
porcupineson,1
mink,1
noyka,1
sandra,1
borrow,1
ryan,1
dig,1
domingo,1
ferti,1
img¬_4109.hec,1
questions,1
emergency,1
safar,1
soki,1
wagion,1
beras,1
kalahari,1
weddingsa,1
macque,1
madagasar,1
dji_0049.dng,1
quests,1
meerkaty,1
deciduous,1
skkoi,1
brown,1
popsicle,1
🍽️atrick's,1
succulent,1
spur-winged,1
penguon,1
wild walk,1
developmen,1
kitamba,1
hébert,1
gorillaibis,1
gorila,1
carling,1
hognose,1
misk,1
transmittor,1
playgound,1
back,1
berries,1
mist,1
santa,1
trasnmitter,1
binocolulars,1
tana,1
hte,1
lacey,1
prince,1
visili,1
grosue,1
tommy,1
troo,1
2023,1
sitaguna,1
washroom,1
michael,1
raccoon,1
corproate,1
deforest,1
pcesp,1
2013,1
2.29.31,1
iron,1
enviormental,1
icicle,1
gladys,1
sparkle,1
lunch,1
baer,1
conservstion,1
zoolgihts,1
proudfoot,1
discount,1
royalty,1
highlans,1
arial,1
gardner,1
2025,1
loch,1
highland,1
bollywood,1
feat,1
fear,1
victoria,1
python,1
photobooth,1
chow,1
humbodtl,1
statue,1
noe-it,1
hoof,1
arica,1
newfoundlnad,1
yewande,1
przewalski's,1
brie,1
ellie,1
ostrich,1
painted,1
eurasian,1
com06661.jpg,1
gloria,1
sgae,1
headshot,1
laundry,1
steve,1
mao,1
sprinler,1
dylan,1
map,1
dr.,1
giraffee,1
health,1
pandaa,1
pandas,1
blakc,1
tortoies,1
return,1
hopw,1
5101,1
girafffe,1
use,1
recognition,1
likea,1
main,1
mcc,1
baines,1
geographic,1
giraffew,1
madisen,1
waste,1
tadashia,1
ebar,1
marhor,1
citizen,1
carolina,1
kolemar,1
wilderinstitute_logo_v02_whiteonblack.mov,1
butternut,1
moutnain,1
polarwild,1
feed,1
yuko,1
header,1
jennider,1
necks,1
10.jpg,1
med,1
meg,1
breath,1
napkin,1
cups,1
make,1
isabela,1
falling,1
sandee,1
archibal,1
"crea,",1
flamongo,1
finn,1
fright,1
mera,1
mfn,1
dun,1
pumpkin,1
trees,1
fierpits,1
hoppe,1
avairy,1
band,1
spray,1
backdrop,1
scratching,1
fehr,1
lancelor,1
mymovie43,1
hopoe,1
cmap,1
goiraffe,1
programs,1
peony,1
2.,1
shower,1
fact,1
27,1
penguinpenguin,1
scan,1
chameloep,1
daycamp,1
into,1
soya,1
glick,1
carosel,1
plants,1
polarbear,1
kydd,1
candaian,1
retial,1
mix,1
poal,1
hippopotamu,1
bonog',1
star,1
wold,1
seigei,1
#notusedinsocial,1
qt.,1
yuri,1
gordon,1
lagoon,1
burrowning,1
"em,ax",1
peoplr,1
junction,1
berry,1
wool,1
refugees,1
alfresd,1
bishop,1
ica,1
cannon,1
03997,1
egptian,1
nicole,1
wildwalk,1
sundari,1
sonya,1
loop,1
headshort,1
woof,1
keneth,1
vanilla,1
55,1
vancouvr,1
0230424202,1
transmitters,1
celebrate,1
seeds,1
bears,1
https://calgaryzoo.canto.com/b/tse18,1
stanchion,1
stemaster,1
moshiu,1
macaron,1
monkeys,1
nuts,1
campaign,1
deanna,1
marbled,1
father,1
mass,1
x-rays,1
regis,1
linus,1
poem,1
common,1
zoologhts,1
comissary,1
gulf,1
masi,1
frig,1
sneeze,1
sleepy,1
twin,1
tutrle,1
canary,1
sitaunga,1
stoclk,1
mary,1
biofacr,1
rentals,1
britney,1
mp4,1
artificial,1
money,1
restuarant,1
jason,1
bash,1
pods,1
dalmatian,1
backroad,1
hydro,1
tsuutina,1
garter,1
taipir,1
whole,1
fesat,1
ruffed,1
stepping,1
spotted,1
hippoo,1
safety,1
ottr,1
okabeh,1
vid-203,1
cedric,1
axel,1
sharukin,1
annie,1
emperor,1
staffsecurity,1
love,1
mandril,1
diesel,1
tongue,1
grania,1
mokinstis,1
alexandria,1
aabd9c88,1
foundation,1
birds,1
across,1
fall,1
maybelle,1
dietician,1
gnocchi,1
wings,1
chrysallis,1
magfn_wilderinstitute_stevenkell-68.jpg,1
hocka,1
dimensions,1
fertility,1
tapri,1
tours,1
trek:,1
conspiracy,1
dimensions.,1
tailed,1
przewalksi,1
duotone,1
veg,1
alley,1
festivla,1
edd,1
ill,1
yeoman,1
fossil,1
maya,1
jackkids,1
edu,1
calvary,1
patrick's,1
mud,1
kakinga,1
mohkinstsis,1
mun,1
magfn_wilderinstitute_stevenkell-81.jpg,1
winter,1
elder,1
eel,1
vicky,1
platform,1
tracy,1
natgeo,1
incubator,1
oxsnake,1
walking,1
meagan,1
clubs,1
dempurna,1
vicki,1
bearymerry,1
x-ray,1
popppy,1
runcalgary,1
crnae,1
corks],1
wardens,1
frpg,1
swart,1
round,1
knoll,1
burrwoing,1
hammerkopmoney,1
year,1
kangaroo,1
jenn,1
bookhata,1
llewellyn,1
building,1
weichiau,1
meetkat,1
music,1
poop,1
enclosure,1
cardinel,1
vim,1
moving,1
volun,1
graiine,1
rat,1
shannon,1
pool,1
ray,1
topiary,1
community,1
sept17jh,1
bronze,1
macaroni,1
courtyard,1
scna,1
science,1
institute,1
guest,1
happening,1
knapwee,1
rosetta,1
jassiri,1
rcb,1
sleep,1
grzers,1
macaroon,1
niku,1
heatlh,1
cinammon,1
mauka,1
colobuys,1
abe,1
learn,1
swimm,1
moonbeam,1
larisa,1
brandi,1
como4877,1
colby,1
ibisgiraffe,1
spin,1
ise,1
owldiet,1
wter,1
releaase,1
jiraf,1
loggers,1
blonde,1
pandemic,1
pegasus,1
pegasus\,1
pinatas,1
donnell,1
sonia,1
dinosaurse,1
eli,1
tibesti,1
cardinal,1
ehooping,1
rfa,1
tatertots,1
festivasl,1
pharmacy,1
specie*,1
panther,1
levant,1
scool,1
musox,1
kahlo,1
united,1
gaukel,1
gillian,1
emu,1
bearsteddy,1
sleeping,1
gates,1
end,1
knuckle,1
lizard,1
memphis,1
pout,1
wolfleg,1
bullfrog,1
special,1
eny,1
stella,1
biodiversit,1
knapweede,1
vanlentines,1
garfen,1
binocoulars,1
family,1
acrhibald,1
reproduction,1
aerialist,1
agm,1
release,1
institutte,1
fisher,1
years,1
malawi,1
vincente,1
girafee,1
nat,1
eggs,1
partnership,1
burorwing,1
crossing,1
aclf,1
brawn,1
courtship,1
historica,1
silver,1
nada,1
father's,1
bambo,1
local,1
cocktai,1
202208-19,1
browes,1
lenur,1
kokemore,1
humpback,1
shark,1
pengun,1
telsin,1
lanthier,1
womens,1
turtlles,1
chamions,1
nabo,1
shan,1
graine,1
shed,1
dsc_2580,1
callie,1
humboldtr,1
glove,1
screen,1
odin,1
spur,1
cage,1
borealis,1
amelie,1
ale,1
accesability,1
entrance,1
barrena,1
amelia,1
zebradrag,1
hempalta,1
nurrowing,1
all,1
gordie,1
coozy,1
sempourna,1
couples,1
reah,1
tony,1
kaeleen,1
apabom,1
yell,1
ginger,1
caregrizzly,1
ami,1
icile,1
sundaya,1
gazebo,1
whisting,1
glboes,1
buson,1
hiring,1
elderly,1
rog,1
amy,1
turle,1
pces,1
eve,1
anc,1
ann,1
esmeraldas,1
giselle,1
wallpaper,1
buffalo,1
rockabar,1
autism,1
cananda,1
shep,1
compilation,1
hummingbird,1
rainforest,1
pandatiger,1
puppets,1
collage,1
influencerunday,1
tots,1
tyrannosaurus,1
zoorun,1
sandhill,1
catfish,1
nguyen,1
buttergly,1
maggie,1
equitorial,1
broil,1
buildr,1
exp,1
hbeb2,1
whitney,1
fraiser,1
broke,1
reed,1
serach,1
cait,1
jiraff,1
savannah_video,1
pronghorn,1
mystery,1
influener,1
giaffe,1
valentine\,1
broll,1
crne,1
students,1
purcupette,1
cookies,1
worth,1
president's,1
helicopter,1
grace,1
elephants,1
spreadsheet,1
etlt,1
cocktil,1
nala,1
arm,1
silverberry,1
bearsempurna,1
pokey,1
leaopard,1
fritting,1
widls,1
nest,1
marten,1
scovil,1
foam,1
kelona,1
cocoon,1
research,1
kmodo,1
hirah,1
donut,1
patricks,1
donate,1
grazerrs,1
micah,1
jjiraf,1
flamino,1
hippoatamus,1
dsc_3441.jpg,1
camo,1
drone,1
icecream,1
jayleen,1
moko,1
parakeet,1
poppies,1
cane,1
cana,1
bernard,1
chamelon,1
borwn,1
classes,1
show,1
cribou,1
multimeter,1
kokmor,1
devel,1
ava,1
recession,1
rita,1
peepers,1
arriva,1
monm,1
gloves,1
nov,1
sikbaruti,1
plains,1
20230606_113140,1
taoir,1
laberta,1
vinyl,1
wah,1
wak,1
wal,1
race,1
bong,1
grainee,1
spraying,1
valentiens,1
hanna,1
anglefish,1
mouth,1
rise,1
rye,1
play,1
leader,1
rivo,1
turnstyles,1
jonathan,1
merritt,1
animalds,1
fan,1
frost,1
alpaca,1
plar,1
plan,1
cara,1
fodo,1
amari,1
aye,1
tapier,1
moon,1
jjs,1
slushie,1
deisel,1
style,1
remi,1
cappucino,1
cranefrog,1
cherry,1
amical,1
direct,1
aza,1
exercise,1
gail,1
kayaa,1
nate,1
markour,1
grousae,1
tillapia,1
hippopo,1
dinenr,1
prange,1
musca,1
valtines,1
grip,1
commisery,1
clement,1
malow,1
bore,1
collard,1
buttefly,1
shutterstock,1
yeanade,1
board,1
plaque,1
monkey,1
disability,1
kioj,1
nut,1
stuffies,1
fulani,1
sawyer,1
crocodiile,1
wi*,1
notusedinsocial,1
punjab,1
enrichmen,1
flamingi,1
porcupinr,1
snowshoe,1
micha,1
filtration,1
itger,1
bones,1
alpine,1
amani,1
ssiku,1
ipad,1
ditatunga,1
who,1
shee[,1
founders,1
plungetiger,1
grainnr,1
rocky,1
riverotter,1
pachycephalosaurus,1
rearing,1
magenetewab,1
picogram,1
anti-predator,1
sae,1
cashier,1
prairire,1
abrrens,1
david,1
win,1
sheeo,1
meerka,1
marmmot,1
baldiris,1
yawn,1
cougar,1
swiftfox,1
nutritio,1
gibbons,1
visil,1
pupper,1
front,1
kiss,1
#biofactfriday,1
butterfuly,1
beddingh,1
hornbill,1
luxor,1
butterlfy,1
mater,1
puppe,1
canadaian,1
lynx,1
"mar,mot",1
as,1
canadahumpback,1
aaron,1
looking,1
wicz*,1
perhistoric,1
bc,1
vanletnines,1
wintergreen,1
swinimer,1
hipoo,1
bellied,1
dionosaur,1
jeramiah,1
dead,1
tomato,1
leopord,1
drain,1
lyra,1
sixth,1
wilma,1
search,1
brunchj,1
kitz,1
09551,1
vrew,1
guereza,1
foos,1
foot,1
(2),1
ser,1
aberta,1
kristina,1
set,1
litter,1
terrarium,1
huub,1
sergai,1
survivor,1
fly,1
deleted,1
lermurs,1
plkush,1
4877,1
interview,1
spider,1
leaping,1
arora,1
grub,1
lupine,1
ber,1
wof,1
boardroom,1
fernandez,1
wol,1
woo,1
keny,1
joel,1
oehring,1
parul,1
conser,1
bff,1
garbage,1
suspicious,1
et,1
paruk,1
felix,1
softserve,1
foa,1
yeung,1
fc,1
deer,1
nafeesa,1
(ssc),1
greennlaw,1
bushnell,1
focus.jpg,1
watching,1
teachers,1
gennna,1
zeebra,1
maxiumus,1
kaia,1
siu,1
polygala,1
vasil,1
go,1
blue-billed,1
colobos,1
sergeo,1
biosn,1
grus,1
venues,1
sergey,1
fort,1
costune,1
hr,1
sick,1
hairsteak,1
philipe,1
diving,1
rodent,1
fynboz,1
chmpaions,1
portal,1
costume,1
bathroom,1
whpp[ing,1
sky,1
engagment,1
longmuir,1
it,1
mapel,1
drink,1
zander,1
vintage,1
john,1
gypsy,1
jennifer,1
ricotta,1
jo,1
pursuit,1
como8705,1
thinking,1
radiographp,1
vacination,1
oel,1
fox\,1
rafael,1
6661,1
moutaineer,1
break,1
dinnre,1
burro,1
blt,1
joke,1
wilbur,1
knee,1
kingship,1
turner,1
discovery,1
scavenging,1
danica,1
snu,1
campbirds,1
fun,1
hi[[p,1
lt,1
sigm,1
cocnut,1
silverback,1
taber,1
edge,1
ma,1
mb,1
zoolightsw,1
mg,1
hairstreal,1
chiclid,1
jemma,1
marmfox,1
sahmka,1
photoshot,1
entry,1
lapwin,1
focused,1
survey,1
colobuc,1
columbus,1
whooper,1
penguinred,1
boo,1
belatrix,1
tilley,1
_mpp9958.jpg,1
weeding,1
roost,1
granier,1
humboltpenguin,1
mental,1
boy,1
washinton,1
kiojs,1
boyle,1
savage,1
op,1
sports,1
nature,1
wheel,1
kyrax,1
ow,1
ox,1
recycling,1
khomas,1
guardians,1
valentine's,1
canda,1
earaye,1
phoenix,1
kioka,1
coozie,1
20230704_215731212_ios.hiec,1
dillon,1
pm,1
setven,1
sitting,1
siki,1
horatio,1
dafari,1
what's,1
pupae,1
cammle,1
wildare,1
"brom,us",1
gsap,1
oli,1
horse,1
survival:,1
wm.png,1
daytime,1
joanne,1
greatefr,1
jogging,1
wester,1
yeande,1
sun,1
shurikan,1
deceaded,1
belle,1
madinika,1
crossiron,1
tarantual,1
calendar,1
storm,1
laying,1
interp,1
texture,1
one,1
store,1
stegoceras,1
bui,1
dororthy,1
blackison,1
esmarelda,1
bus,1
yelle,1
pupa,1
ty,1
heliicopter,1
closire,1
awareness,1
rupert,1
filly,1
military,1
tuck,1
com09551,1
children's,1
stanton,1
carrike,1
edne,1
idea,1
tiptap,1
destination,1
donkey,1
cold,1
moblity,1
oql,1
paraket,1
corportate,1
dani,1
archival,1
eocco,1
penguinpolar,1
robles,1
reading,1
gumcleaning,1
minya,1
yusufu,1
185,1
albertan,1
zoolgiths,1
emax,1
hippoplatform,1
2.jpg,1
nights,1
lovelace,1
#cfbsuffield,1
nutrien,1
seminar,1
campgrooming,1
ihon,1
children,1
ontario,1
review,1
8008,1
asleep,1
roar,1
inclusive,1
goal,1
enrique,1
natural,1
overhead,1
outdoo,1
goat,1
zo,1
repitle,1
jamen,1
photosjoot,1
mural,1
storytime,1
grazaers,1
flag,1
sandwhich,1
leba,1
sateillite,1
medicinal,1
muskoz,1
promo,1
geo,1
feature,1
get,1
wilds,1
sprinkler,1
archi,1
rivers,1
thom,1
haloween,1
cool,1
pelican,1
fritillary,1
leaf,1
lead,1
filter,1
alexadine,1
eents,1
parraket,1
ranes,1
grousecrane,1
chorus,1
tanuc,1
gga,1
dress,1
owk,1
koi,1
corn,1
goft,1
cork,1
dsc_7358,1
1410,1
tad,1
plain,1
cudde,1
sunny,1
tap,1
salmon,1
lovers,1
taxidermymy,1
reusable,1
core,1
choclate,1
carolinian,1
zoomazing,1
safe,1
files,1
tbf,1
archiambault,1
glitter,1
visitor,1
leikas,1
tuna,1
week,1
award,1
giv,1
ready,1
cat,1
corina,1
snale,1
station,1
kaycie,1
sitangua,1
statiom,1
fornax,1
hail,1
05543,1
kokomor,1
pygme,1
litght,1
plecostomus,1
easer,1
cannice,1
"team,",1
teambuilders,1
