Tag Name,Times Used
NotUsedInSocial,4654
Hi Res,1471
ABC,1403
UsedInSocial,1077
mammal,1054
enrichment,934
ZOOLIGHTS,736
Special Experiences,719
Events,693
Destination Africa,680
Mammal,555
Africa,529
Whooping Crane,515
Conservation Initiatives,504
primate,476
Ghana,468
Exploration Asia,466
Wechiau Hippo Sanctuary,462
VIM,412
vancouver island marmot,390
Canadian Wilds,380
ZOOLIGHTS 2021,365
Animal,360
bird,342
African Savannah,338
People,327
food enrichment,326
western lowland gorilla,314
Zoo La La,310
gorilla,310
NLF,307
Conservation,306
Malayan tapir,299
environmental enrichment,296
Taylor Family Foundation Polar Bear Sanctuary,288
polar bears,285
ZOOLIGHTS 2022,284
animal nutrition,262
penguin,250
Penguin Plunge,248
chick,247
African Rainforest,244
Berry Merry,237
ape,236
CZ Watermarked,232
single,230
Catering,228
hi res,228
Burrowing Owl,225
Weciau Hippo Sanctuary,225
curiously isolated hairstreak,218
Wilder Bunch,210
animal baby,206
social media,204
CIH,200
cih,200
construction,196
LOGO,194
Greater Sage Grouse,192
cat,190
people,188
Enrichment,182
Wild Canada,182
hoofstock,181
red panda,174
redevelopment,168
Gateway to Asia,166
polar bear,165
Building,164
field work,164
watermarked,163
Watermarked,162
Wildlife,158
Northern Leopard Frog,155
Nature,152
Sponsorship,152
Western lowland gorilla,150
destination africa,146
Bird,145
Crane chick,145
african rainforest,145
sage brush,137
Winter,136
Primate,135
Eyare,133
N,128
WCC,127
gorilla baby,127
marmota vancouverensis,126
ZooBoo,124
prairie,124
social enrichment,122
Visitor Engagement,121
camp,116
summer 2025,116
zoo camp,116
big cat,115
sensory enrichment,115
Outdoors,110
Spaces,109
Vet Procedures,108
Asian wild horse,106
Old Habitat,106
pumpkin enrichment,106
reptile,106
rodent,106
Marmots,104
Black-&-White Ruffed lemur,103
Food,103
Species,102
Executive Team,99
Hippopotamus,98
Sage Grouse,96
field research,96
breeding,94
Northern Rockhopper Penguin,93
snow,93
lemur,92
sage-grouse,92
Cranes,91
wildlife,91
Social Media,88
catering,88
king penguin,88
porcupine,88
Crane,87
Pallas's cat,86
grey wolf,86
marketing,86
menu,86
photoshoot,86
safari brunch,86
Penguin,85
reintroductions,84
North American river otter,83
Guests,82
health check,82
Animal Baby,80
King penguin,80
Space,80
Winter camp,80
kindergarten,80
pre-school,80
Halloween,79
giraffe,79
wild,79
zoolights 2023,79
Otter,78
caribou,78
cz watermarked,77
Komodo dragon,76
ZooBoo 2022,76
tapir,76
Education,75
Staff,74
sage,74
fieldwork,73
Przewalski's Horse,72
Woodland caribou,72
Animals In The Wild,71
Safari Lodge,71
Brand photoshoot,70
Britta Kokemor,70
Garden,70
tiger,70
Cat,69
Flowers,69
Hoofstock,69
deer,68
translocation,68
Plant,67
bear,67
mustelid,67
ACHW,66
Animal Nutrition,66
Bactrian Camel,66
Conservation Research,66
Social video,66
Wilder bunch parade,66
browse enrichment,66
monkey,66
Savannah Yard,63
Video,63
ACHW Team,62
Grasslands,62
amur tiger,62
northern leopard frog,62
penguin chick,62
release,62
Siku,61
South America,61
translocations,61
ENMAX Conservatory,60
Partnerlogo,60
reintroduction,60
Person,59
hatch,59
Conservation & Science Team,58
Gentoo Penguin,58
gibbon,58
guests viewing animals,58
American black bear,57
animal care,57
grouse,57
meerkat,57
reindeer,57
veterinary team,57
Animal care,56
Nests,56
North American porcupine,56
WBNP,56
Wood Buffalo national park,56
spaces,56
tortoise,56
Dossi,55
Penguin walk 2023,55
Tree,55
Big Cat,54
birds,54
executives,54
Event,52
Marmot,52
Summer,52
animal parent,52
conservation biobanking,52
greater sage-grouse,52
professional development hoof trim workshop,52
sage-grouse eggs,52
social,52
enclosure,51
1 month old,50
Bombadil,50
Cross Iron Mills,50
Masai giraffe,50
Tim,50
Wild Canada Advertising,50
hatchling,50
hoof trim,50
insect,49
Leaves,48
christmas,48
white-handed gibbon,48
Grasslands National Park,47
Vet Care,47
headshot,47
lizard,47
Pumpkin Enrichment,46
Sandhill Crane,46
Thanksgiving,46
gentoo,46
zoolights,46
#NotUsedInSocial,45
Insect,45
pen,45
Children,44
Enmax,44
Rodent,44
Vancouver Island,44
decor,44
event venues,44
events,44
sales,44
venues,44
Deer,43
Horizontal,43
Land of Lemurs,43
Animal health,42
Easter,42
Feeding,42
LSS,42
School program,42
flamingo,42
lemur pup,42
otter,42
Alberta Biodiversity Festival,41
graphics,41
wetland,41
African rainforest,40
Flower,40
Kenya,40
Trees,40
cottontail,40
horned lark,40
lion,40
rock wren,40
staff,40
trapping,40
vesper sparrow,40
Animals And Pets,39
Water,39
green,39
hippopotamus,39
water enrichment,39
Campers,38
Jasiri,38
Yewande,38
historical,38
red panda cub,38
African Crested porcupine,37
camera trap,37
conservation,37
vet team,37
Camp,36
Chilean flamingo,36
Tanuck,36
eastern black-&-white colobus,36
egg,36
hippos,36
king chick,36
outdoor,36
partner logo,36
summer camp,36
Lobi,35
Nabo,35
One Animal,35
guests,35
processing,35
Easter Eggstravaganza,34
Moose,34
Nettles,34
Sarma,34
Sitatunga,34
Snow leopard,34
Veterinary procedure,34
scatter feeding,34
wolf,34
African crested porcupine,33
Alfred,33
Amur tiger,33
Color Image,33
Endangered Species,33
Invertebrate,33
Muskox,33
Rainforest Aviary,33
plants,33
Dorthy Harvie Gardens,32
P horse,32
VE,32
White-handed gibbon,32
WildScapes,32
endangered,32
turtles & tortoises,32
gentoo penguin,31
marmot,31
summer,31
Animal Parent,30
Beak,30
Gorilla,30
Rocky mountain goat,30
Sparky,30
Wildlife Conservation Centre,30
vet tech,30
Animal Care,29
Grass,29
Petal,29
Porcupine,29
Udaya,29
West African dwarf crocodile,29
african lion,29
animals,29
zebra,29
Autumn,28
Baffin,28
Dr. Doug,28
Hippo,28
Humboldt,28
Male,28
Portrait,28
Pride enrichment,28
Vegetation,28
fauna,28
learning,28
nature,28
professional development,28
Close-up,27
Giraffe,27
Pride,27
Zebra,27
amphibian,27
hiking,27
predator,27
Blue,26
Brown,26
Butterfly,26
Easter enrichment,26
Gary,26
Humboldt penguin,26
Life Support System,26
Polar Bear holding roof,26
Polar bear holding,26
Shan,26
Snow Leopard,26
ZooBoo 2021,26
animal,26
equine,26
hatched,26
net,26
porcupette,26
winter,26
Frog,25
Lemur,25
Linus,25
Zoo,25
Zoolights,25
2021 Events,24
Copy Space,24
Development,24
Enchanted Dinner,24
Feather,24
Historical,24
Inukshuk,24
Journey to 100,24
Leika,24
Leopard tortoise,24
Maximus,24
Mole National Park,24
Owls,24
Pumpkin enrichment,24
Samkha,24
centennial,24
colony,24
grassland,24
hoof care month,24
prehistoric park,24
substrate enrichment,24
transmitter,24
victor,24
zuri,24
Bear,23
Day,23
Prehistoric Park,23
Wild,23
baby,23
binoculars,23
natural,23
rough-scaled plated lizard,23
sempurna,23
spotting scope,23
veterinary technologist,23
Amphibian,22
Kioja,22
Markhor,22
North America,22
Penguin Walk,22
Sheldon,22
birthday enrichment,22
colobus,22
deceased,22
eating,22
wcc,22
Carnivore,21
King Penguin,21
Wild Animals,21
Wing,21
bedding enrichment,21
burrow cleaning,21
grasslands,21
hartmann's mountain zebra,21
African Lion,20
Beauty In Nature,20
Flamingo,20
Giselle,20
Japanese macaque,20
Living Organism,20
Photography,20
Rat,20
White,20
black,20
butterfly,20
cognitive enrichment,20
forage,20
klewi,20
puzzle feeder,20
red river hog,20
red-fronted lemur,20
vincente,20
Adult,19
Bird of Prey,19
Canada,19
Eny,19
Grounds,19
Infant,19
Leaf,19
Musk Ox,19
Pond,19
Rock hyrax,19
Staff photos,19
Swamp,19
Wetland,19
carnivore,19
logo,19
macaque,19
mammals,19
one,19
spots,19
AHC,18
Bighorn sheep,18
Caitlin Boyle,18
Cougar,18
Fall environmental photos,18
Forest,18
Hartmann's Mountain Zebra,18
Jason Stang,18
Lancelot,18
Locked Zoo 2021,18
Night,18
PHP,18
Reptile,18
Savannah classroom,18
Unknown,18
Yewande's infant,18
animal care technician,18
animal transport,18
background,18
courtship behaviour,18
egyptian tortoise,18
feathers,18
fitz,18
graphic,18
homesbyavi,18
mother's day,18
partner,18
pup,18
rodents,18
Animal Eye,17
Environmental Enrichment,17
Female,17
Gardening,17
No People,17
Penguin Walk 2022,17
Sergei Belskey,17
Tacos,17
ZooBoo2022,17
america,17
animal intros,17
artificial burrow,17
ground,17
pig,17
snake,17
solar panel,17
threatened,17
vet check,17
Avens,16
Birds,16
Colorado,16
Crested Gecko,16
Josephine,16
LED,16
Mosaiculture,16
Ontario,16
Ontario Rare Plants,16
Orson,16
Rupert,16
Santoline,16
Standing,16
Tana,16
The Burrow,16
Topiary,16
Zoo boo,16
Zuri,16
bison,16
color,16
crane,16
event,16
fisher,16
forest,16
influencer,16
larvae,16
life support system,16
marmots,16
plains,16
slender-tailed meerkats,16
tree,16
veren,16
vertebrates,16
Animal species,15
Browse Enrichment,15
Green Color,15
Lighting,15
Limestone Barrens,15
Panther chameleon,15
Vertical,15
Volunteers,15
black tailed prairie dog,15
boa,15
migration,15
mustela,15
ostrich,15
whopping crane,15
AZA 2024,14
Animal Care Technician,14
Board of Directors,14
Cedar Barn,14
Cute,14
Donors,14
Green,14
Hi res,14
Jihad Shibley Rocky Mountain Aviary,14
Lizard,14
Manuka,14
Marsh,14
Memphis,14
Nobody,14
Sabi,14
Skating,14
Uncultivated,14
Winter Camp,14
attack,14
b.c,14
black footed ferret,14
body,14
british,14
colour,14
columbia,14
comeback,14
daytime,14
extirpated,14
fast,14
federally endangered,14
federally protected,14
fierce,14
focus,14
focused,14
hobbs,14
image,14
jared,14
king,14
leaves,14
long body,14
mammal cute,14
mask,14
mongoose,14
mount washington,14
nigripes,14
no,14
nocturnal,14
poison,14
prairie dog killer,14
protected,14
quick,14
reintroduce,14
reptiles,14
resettled,14
selective selective-focus,14
selectively,14
short legs,14
successful conservation,14
thought to be extinct,14
vancouver,14
vancouverensis,14
vicious,14
white,14
woodland caribou,14
(xkl),13
2022 ZOOLIGHTS,13
2022 ZOOLIGHTS.,13
Australia,13
Barred Owl,13
Calgary and Area,13
Conservation Education,13
Dr. Sandie,13
Equine,13
Fox,13
Gray,13
Hawk,13
Ish,13
JPG,13
Large,13
Macro,13
Photo,13
Safari Animals,13
Saskatchewan,13
Season,13
Travel Alberta,13
Vertebrate,13
Wildlife Reserve,13
Zoo Lights,13
alpaca,13
arachnid,13
closeup,13
cute,13
spider web,13
spoonbill & ibis,13
under 1 month old,13
AWH,12
Animal Feeding,12
Animal Themes,12
Aurora,12
Beautiful,12
Brawn Family Foundation River Lodge,12
Chef,12
Chefs,12
Culinary,12
Dusk,12
Gorila baby,12
Great Grey Owl,12
Grey wolf,12
Habitat,12
Hamerkop,12
Jayman,12
JaymanBuilt,12
Kitamba,12
Lake,12
Meadow,12
Monkey,12
Mulch,12
Okabe,12
Olaf,12
Owl,12
Path,12
Pembina,12
RVT,12
Savannah Building,12
Val Marie,12
Walkway,12
Woods,12
abc,12
beautiful,12
building,12
cafe,12
crocodile,12
habitat,12
leadership,12
locations,12
pembinalogo,12
procedure,12
ring-tailed lemur,12
square,12
vet procedure,12
Animal Nest,11
Calgary Zoo,11
Camel,11
Dinosaur,11
Dog,11
East African grey crowned crane,11
Environment,11
Environmental Conservation,11
Fishing,11
Kit Fox,11
Land,11
Lion,11
Looking,11
Molly,11
Perching,11
Small,11
Wet,11
Yellow,11
ZOOLIGHTS Sign,11
buildings,11
camelid,11
ecology,11
exam,11
fall,11
fish,11
grizzly bear,11
mustela nigripes,11
nest,11
park,11
rock,11
102,10
2023-02-07,10
2023-07-18,10
ACHW Valerie,10
Antelope,10
April 19,10
Biofacts,10
Birthday,10
Birthday enrichment,10
Branch,10
CZ watermarked,10
Camelid,10
Coca Cola,10
Coke Canada,10
Curiocity,10
Dr. Adriana,10
Dr. Shannon,10
Farming Watch Logo,10
Flagstone,10
GR,10
Glove,10
Golden Eagle,10
Gray Wolf,10
Guest Relations,10
Hadada Ibis,10
Human,10
King chick,10
Landscape,10
Partner,10
Partner logo,10
Pawed Mammal,10
Penguins,10
Plain,10
Red Panda Cub,10
Release,10
Scenics,10
Schleich,10
Schleich USa,10
Siberian musk deer,10
Spring,10
Tapir,10
Tent,10
The Americas,10
USA,10
Victor,10
Wildlife Host,10
Year of the horse,10
african,10
alpaca fleece enrichment,10
beekeeping,10
boreal,10
cichlid,10
close up,10
colobus monkey,10
colorful,10
community,10
crocodilian,10
hatching,10
honey,10
musk deer,10
old growth,10
owl,10
rock hyrax,10
sandhill crane,10
siberian musk deer,10
turtle,10
2 months old,9
2023-04-26,9
ACHW team,9
Animal Head,9
Bark,9
Canine,9
Cliff,9
Conservation Parade,9
Dinny,9
Fall,9
Journey to Churchill,9
July 20 socials,9
Mural,9
National Grassland,9
Parade,9
Pawnee National Grassland,9
Purple,9
Rainforest,9
Savannah,9
Sitatunga 2006,9
alpine,9
avian,9
feeding,9
flight,9
hippo,9
masai giraffe,9
multiple bears,9
northern,9
rare,9
united states,9
water,9
waterfowl,9
young,9
2023-01-04,8
ACHW Margie,8
ACHW Michelle,8
Animal Health Centre,8
BHS,8
Beauty,8
Biology,8
Canadian wilds,8
Clothing,8
Coat,8
Domestic alpaca,8
Emara,8
Ezekiel,8
Fiona,8
Flora,8
Fraser,8
Guests viewing animals,8
Hartmann's mountain zebra,8
Henri,8
June,8
Leroy,8
Leroy Brown,8
Light,8
MEG,8
MEG Energy,8
Menabe,8
Moth,8
Nelson,8
Northern rockhopper penguin,8
Palla's cat,8
Pet,8
Program Animals,8
Reflection,8
Sky,8
Spooky Species,8
Spotted,8
Springtime,8
Urban,8
Water enrichment,8
Wilderness Area,8
Wolf,8
Wood bison,8
Young Animal,8
Zoo Staff,8
ZooBoo 2020,8
Zoology,8
african cichlids,8
asia,8
aurora,8
back-of-house,8
browse,8
chacoan peccary,8
corporatelogo,8
courtship display,8
dog,8
domestic ferret,8
duck,8
environment,8
examination,8
extinct in the wild,8
half-moon hairstreak,8
heart rate,8
hyrax,8
ish,8
istockphoto,8
istockphoto.com,8
jungle,8
lettuce enrichment,8
life,8
march27,8
marmot video,8
meerkats,8
micronesia,8
national parks,8
outdoors,8
peccary,8
polar bear construction,8
portrait,8
research,8
ruffed lemur,8
spring,8
swab,8
waterton lakes national park,8
wild canada,8
wing,8
year end video,8
""Endangered Species,7
2022-12-20,7
3 months old,7
African lion,7
Animal Behavior,7
Animal Body,7
Animal Egg,7
Animal Training,7
Big cat,7
Black Color,7
Caleefa,7
Carrie,7
Coffee,7
Construction,7
DRONE SHOTS,7
Desert,7
Dinny's Green,7
Geranium,7
Kingfisher,7
Koala,7
Madagascar tree boa,7
Meerkat,7
Moshi,7
Orange Color,7
Polar Bear,7
Pollen,7
Pollination,7
Potted Plant,7
Protection,7
Puppy,7
Reticulated giraffe,7
River,7
Sitatunga 2009,7
Skoki,7
Snow,7
Staring,7
Sunlight,7
Talking tree,7
Tea,7
Troop,7
Wood,7
africa,7
breeding calls,7
brown,7
burrow,7
camel,7
canid,7
chameleon,7
countryside,7
county,7
cups,7
curious,7
dental procedure,7
ecotourism,7
eyes,7
florida,7
plant,7
pond,7
river,7
species,7
v1.0.0,7
vet,7
ACHW Tessla,6
ACHW Val,6
African Crested Porcupine,6
African savannah,6
Animal Hair,6
Animal Wing,6
Animal processing,6
Apiaceae,6
Arthur,6
Asia Pond,6
Beige,6
Booster Juice,6
Brand & Engagement Team,6
Butterfly - Insect,6
Cap,6
Carnivorous Plant,6
Chobe National Park,6
Cinnamominus,6
Conservation Champions,6
Conservation Champions Garden,6
Coyote,6
Death,6
Eating,6
Extinct,6
Field,6
Fine Art Portrait,6
Finniegan,6
Flying,6
Foggy,6
Gibbons,6
Grizzly Bear,6
Grouse,6
Guam,6
Guests viewing Animals,6
Hat,6
House,6
Leadership Team,6
Leopard,6
Leopard Frog,6
Maglin,6
Make a wish,6
Make-A-Wish,6
Maple,6
Micronesian Kingfisher,6
Moonbeam,6
Multi Colored,6
Nesting,6
North,6
Ontario - Canada,6
Pacific Islander Ethnicity,6
Pacific Islands,6
Palau,6
Palu,6
Pants,6
Pauli,6
Pema,6
Petronas,6
Plainsmidstream,6
Pohnpei,6
Prairie Conference 2023,6
Proboscis,6
Red,6
Red Wolf,6
Ring-tailed lemur,6
Rough-legged hawk,6
Safari,6
Santa,6
Scenery,6
Science,6
Selective Focus,6
Senior Citizen,6
Sharp-tailed grouse,6
Side View,6
Sign,6
Signs,6
SkyFire,6
Slimy,6
Staff meeting,6
TD,6
TDBank,6
Tatu,6
Tiger,6
Todiramphus,6
Todiramphus Cinnamominus,6
Toughie,6
Twig,6
UAL,6
United Active Living,6
Vets,6
Video Thumbnail,6
Volunteer,6
WCC crane,6
Wading,6
Waterfowl,6
Weasel,6
Woman,6
animal health,6
animal nurtrition,6
animals in the wild,6
boosterjuice,6
carnivora,6
chilean flamingo,6
data logging egg,6
distillery,6
drone,6
dumeril's boa,6
eggs,6
executive,6
executive team,6
eye,6
ferret,6
kioja,6
macro,6
mapping,6
molting,6
national,6
no people,6
pallas's cat,6
partnerlogo,6
peafowl,6
physical enrichment,6
pmoglobal,6
pride 2021,6
skyfire,6
sunrise,6
tropical,6
volunteer,6
whopping crane egg,6
wilderness,6
zoological,6
(err),5
(kip),5
4 months old,5
<err>,5
Amphibians,5
Animals Hunting,5
Ape,5
Arctic,5
AvuWenu_Feb23,5
BIOTA-SUN collecting expedition 2008,5
Bactrian camel,5
Baseball Cap,5
Bears,5
Black,5
Bongo,5
Botswana,5
Captivity,5
Crane"",5
Finger,5
Flower Bed,5
Fur,5
Greater rhea,5
Image,5
Incubating,5
Insects,5
Man,5
Mandrill,5
National Park,5
Penguin Walk 2021,5
Scat,5
Striped,5
Tanzania,5
Train,5
Ulan,5
adult,5
alpine forest,5
american animal,5
area,5
birdwatching,5
close-up,5
exotic,5
face,5
family,5
fishers,5
fossorial,5
frog,5
garden,5
goat,5
grass,5
health exam,5
hunting,5
iron county,5
khutzeymateen,5
lake,5
leopard frg,5
leopard frog,5
male,5
martes pennanti,5
meal time,5
mixed species,5
moshi,5
mountain bongo,5
native grasslands,5
north,5
northwoods,5
pride,5
raptor,5
red crown,5
rhea,5
savannah yard,5
small,5
snow leopard,5
soccer team,5
superworms,5
tragelaphus,5
wading bird,5
western,5
white bird,5
whooping,5
whooping crane,5
wildlife photography,5
zoology,5
""Weasel,4
1.2.0,4
AC Jennifer,4
AC Kayla,4
AC Porcupine,4
ACHW Technician,4
Advertisement,4
African Lion female,4
African pygmy goose,4
Ali,4
Anemone,4
Animals,4
Antenna,4
Apparel,4
Black Tailed Prairie Dogs,4
Browse enrichment,4
Bud,4
Building interior,4
CTrain Station,4
Calgary International Airport,4
Camouflage,4
Canadian species,4
Cassiopeia,4
Celeste,4
Chair,4
City,4
Climbing,4
Cobrand Watermarked,4
Cobrand watermark,4
Colors,4
Conservatory,4
Courtship,4
Dora,4
Dr. Sandie Black,4
ESAA,4
Eastern Black And White Colobus,4
Entomologist,4
EnvironmentalServiceAssociationofAlberta,4
Eucalyptus Tree,4
Face,4
Full Length,4
George,4
Ghost,4
Gorilla Baby,4
Grace,4
Grassland,4
Greater rheas,4
Green Fools,4
Grey Wolf,4
Hartmann’s mountain zebra,4
Head,4
Herpetology,4
Hot chocolate,4
Image Focus Technique,4
Isolated,4
Khata,4
Laurel,4
Lawn,4
Lek,4
Lemup pup,4
Lithobates Pipiens,4
Majimel,4
Mammals,4
Martes Pennanti,4
Mating Ritual,4
Meadow Frog,4
Milo,4
Mrs. Doofus,4
Mule,4
NARO,4
Napoleon,4
New South Wales,4
Nox,4
Orson Black Bear,4
Outreach Education,4
PMOGlobal,4
Park,4
Partnership,4
Pattern,4
Patuxent,4
Plains,4
Plants,4
Poppy,4
Prairie,4
Pup,4
Remote,4
Rhubarb,4
Rivo,4
Rock - Object,4
RockyMountaineer,4
S AND D FOR NETTLES AND RED RIVER HOGS,4
Sand,4
Savannah Lawn,4
Sensory enrichment,4
Serengeti National Park,4
Show Your Love,4
Show Your Love 2020,4
Silhouette,4
Single Object,4
Sleeping,4
Snowy owl,4
Socials,4
South Africa,4
Spoonbill,4
Sprout,4
Square,4
Stampede Breakfast,4
Sunset,4
Swallowtail Butterfly,4
Tadpole,4
Teslin,4
The Marsh,4
Translocations,4
Triceratops,4
Vaccine,4
Val,4
Valerie Edwards,4
Vancouver Island marmot,4
Vet Team Carmen,4
Vincente,4
Virtual,4
Visitors,4
WCAP,4
WLNP,4
Webbed Foot,4
Wechiau mural,4
White-Faced Whistling Duck,4
Wilbur,4
Wild Canada team,4
Zoo Ready,4
african wildlife,4
ambulance,4
animal vaccinations,4
animal wildlife,4
archive,4
art,4
asia lawn,4
athene cunicularia,4
baruti,4
beak,4
bill,4
biology,4
birding,4
black-and-white lemur,4
bloom,4
blue peafowl,4
boar,4
botanical,4
branch,4
bugs,4
burrowing owl,4
camouflage,4
children,4
common peafowl,4
dossi,4
eurasian wild boar,4
feather,4
field equipment,4
fledgling,4
flora,4
flower,4
forest growth,4
fowl,4
full length,4
fur,4
ghost  photography,4
ghost bear photography,4
greater rhea,4
group,4
habitat overview,4
hair,4
hiding,4
hippo hide,4
horizontal,4
humboldt penguin,4
incubator,4
landscape,4
lithobates pipiens,4
maasai mara,4
mandrill,4
mixed species enrichment,4
monitoring,4
mural,4
north star,4
northern rockhopper penguin,4
nose-it,4
one animal,4
orson,4
our pics,4
peacock,4
perched,4
photo,4
pipiens,4
places,4
planting,4
play,4
pride enrichment,4
pumpking enrichment,4
red,4
reforestation,4
scent enrichment,4
school,4
sitting,4
skoki,4
slender-tailed meerkat,4
songbird,4
taveta golden weaver,4
travel,4
turtles and tortoises,4
ungulate,4
usa,4
v01.07.1641,4
vertical,4
veterinary procedure,4
west,4
white-handed gibbons.,4
wi,4
wild boar,4
wildlife corridor,4
wildlifedistillery,4
wood,4
zoo,4
1.1.6,3
2023-04-26 1,3
ACHW Manager Colleen,3
African spoonbill,3
Animalia,3
Antler,3
Approaching,3
Australian Culture,3
Avu Lagoon 2011,3
B roll penguin walk,3
Baruti,3
Bird Watching,3
Bird's Nest,3
Black Widow Spider,3
Bodies Of Water"",3
Body Part,3
Bright,3
Bullfrog,3
Bush,3
Carden Alvar,3
Carnivore"",3
Central America,3
Child,3
Cloudscape,3
Clément Lanthier,3
Cricket Insect,3
Danger,3
Dawn,3
Diana,3
Dinosaurs: Awakened,3
Discovery Bridge,3
Dr. Doug Whiteside,3
Duck,3
Ecosystem,3
Extreme Terrain,3
Feces,3
Female Animal,3
Fir,3
Florida,3
Fog,3
Freshwater,3
Fun,3
Hand,3
Hanging,3
Herb,3
Horror,3
Ice,3
Jacket,3
Japanese serow,3
Kito,3
Knitwear,3
Kruger National Park,3
Lake Nakuru National Park,3
Leisure Activities,3
Madagascar,3
Marshbuck,3
Masai Mara National Reserve,3
Medical Sample,3
Medicine And Science,3
Mother,3
Mountain,3
Mt Kenya,3
Mussels,3
NCRC Accra 2009,3
Natural Pool,3
Nature Backgrounds,3
Nature Symbols/Metaphors,3
Pair,3
Poop,3
Profile,3
Relaxation,3
Reverse the red,3
Scarcity,3
Shelter,3
Sitting,3
Southern Africa,3
Spider,3
Spider Web,3
Sport,3
Storm,3
Talawona,3
Tourism,3
Tropical Rainforest,3
Two Animals,3
Vet Team,3
Vet Team Adriana,3
Veterinary Team,3
Vibrant Color,3
Walking,3
Water Bird,3
Waterhole,3
Wcc,3
Wintry Landscape,3
Zsa Zsa,3
alvar,3
american,3
animatronic,3
artiodactyla,3
bat,3
bbq tent,3
beauty in nature,3
bike,3
blue,3
burrowing,3
captive,3
carden,3
carrie,3
child,3
chordata,3
claws,3
common,3
courtship,3
diurnal,3
ecological,3
elusive,3
emara,3
endangered bird,3
endangered species,3
environmental,3
environmental enirchment,3
first,3
flowers,3
food,3
freshwater,3
frogs,3
fruit,3
furry,3
gray,3
greater,3
grey,3
grus americana,3
herbivore,3
herpetology,3
insects,3
invertebrate,3
jolene1,3
legs,3
looking,3
lookout,3
marshbuck,3
native,3
near threatened,3
north american,3
orange,3
rainforest,3
rana,3
ratite,3
reticulated giraffe,3
savannah pool,3
science,3
simian,3
slimy,3
snowy,3
striped,3
surveys,3
tent,3
tourism,3
us,3
v01.05.1577,3
ve,3
vertebrate,3
veterinary exam,3
veterinary technician,3
veterinary technologists,3
veterinary techologist,3
wagon,3
watching,3
water towers,3
wetlands,3
wild animal,3
wilder bunch,3
wildflowers,3
wingspan,3
wood poppy,3
""Animal Themes,2
""Cape Hyrax,2
""Climbing,2
""Leopard Frog,2
""Pond Life,2
(zar),2
2022-04-14,2
2022-09-29,2
2023-02-28,2
2023-05-25,2
2025-08-25,2
8.10.2021,2
AB Blue Cross,2
AC Martyna,2
AC Paula,2
AC Technician Shannon,2
ACHW Barb,2
ACHW Director Jamie,2
ACHW Jenn,2
ACHW Kayla,2
ACHW Lead Mona,2
ACHW Martyna,2
ACHW Paula,2
ACHW Shannon,2
AFRICA,2
AFRICAN,2
ANIMAL,2
ANIMALS,2
Above,2
Acanthaceae,2
Action,2
Addis,2
Adventure,2
African Fish Eagle,2
African Nature,2
African cichlid,2
Agama,2
Agama Family,2
Agba,2
Alexandrine parakeet,2
Alpaca,2
Alpacas,2
Amphibians"",2
Anatidae,2
Animal Antenna,2
Animal Care Manager Colleen,2
Animal Dung,2
Animal Leg,2
Animal Mouth,2
Animal baby,2
Animatronic,2
Ankle Deep In Water,2
Aquatic Mammal,2
Arctic Ocean,2
Arctic species,2
Arenaria,2
Aspen,2
Avian,2
Avu Lagoon 2013,2
Ayisha,2
B980,2
BRITISH,2
Bald Eagle,2
Barbados Green Monkey,2
Barred owl,2
Barren,2
Bartlett,2
Behavior,2
Bicycle,2
Birds"",2
Birdwatching,2
Black Tailed Prairie,2
Black and White,2
Black-footed Ferret,2
Black-veined White Butterfly,2
Blossom,2
Blue Cross,2
Blur judgement:Appropriate,2
Botany,2
Bow Tie Pasta,2
Boy,2
Branding,2
Bright Colour,2
Bronze,2
Brown Background,2
Building Interior,2
Buildings,2
CCF,2
Caprivi Strip,2
Caribbean,2
Caribou,2
Castelluccio,2
Catering Team,2
Centrocercus urophasia,2
Centrosaurus,2
Chacoan peccary,2
Chai,2
Chameleon,2
Characters,2
Chevron Open Minds Zoo School,2
Children's Zoo,2
Chilean Flamingo,2
Chobe River,2
Claw,2
Climate,2
Cold,2
Color,2
Common Blue Butterfly,2
Common Mormon Butterfly,2
Compound Eye,2
Concept Art,2
ConocoPhillips,2
Conservation & Science team,2
Conservation Education Team,2
Costa Rica,2
Crane - Bird,2
Crane Bird,2
Crater,2
Cynthia,2
Daisy,2
Defocused,2
Dendrocygninae,2
Dental Procedure,2
Digging,2
Dino,2
Dipodomys,2
Dipotomys,2
Dirty,2
Dorothy H. Garden,2
Dr. Shannon Toy,2
EASTER,2
ENGLAND,2
ENGLISH,2
ET,2
Earnings,2
East African crowned crane,2
Eastern black-&-white colobus,2
Edited video,2
Elder Adrian Wolfleg,2
Endangered Wildlife,2
Eucalyptus,2
Exposure judgement:Appropriate,2
Extinct Volcano,2
Eyare birthday,2
Fiddle,2
Finance,2
Floating On Water,2
Flock Of Birds,2
Florida - Usa,2
Fly,2
Focus On Foreground,2
Focused,2
Focused 2012,2
Food enrichment,2
Fossil House,2
Fragility,2
Freedom,2
Freshwater Bird,2
Freshwater Marsh,2
Front View,2
Frozen Ocean,2
G,2
Genna,2
Global Warming,2
Glowing,2
Graphics,2
Grass Family,2
Gray Hairstreak Butterfly,2
Gray wolf,2
Grizzly bear,2
Ground Squirrel,2
Guest,2
Guest Services Team,2
Habitat overview,2
Hairstreak Butterfly,2
Hatchling,2
Heather Graham school,2
Helsinki,2
Herbal,2
Herbs,2
Hercules,2
Heteromyidae,2
High Up,2
Humor,2
Hydragreens,2
Hyrax,2
IBW,2
ICTONYX,2
Ibises and Spoonbills,2
Ice Floe,2
Indigenous Culture,2
Isolated On White,2
Johari,2
Jumping,2
Junior Zoo Guide,2
Kangaroo,2
Keats,2
Kenickie,2
Kijini,2
Kima,2
Kirk's Dik-dik,2
Komodo,2
LT,2
Latte,2
Layla,2
Lea Randall,2
Leba,2
Leg Bands,2
Lepidoptera,2
Lesser Panda,2
Levmb's foal,2
Limenitis Arthemis,2
Lindsay,2
Lioness,2
Lithobates,2
Log,2
Logo,2
Logos,2
Long Sleeve,2
Looking Over Shoulder,2
Lush Foliage,2
Lycaenidae,2
Lying Down,2
Lynx,2
MAMMAL,2
MAMMALS,2
MEG Energy Corp.,2
MUSTELID,2
MUSTELIDS,2
Malachite Butterfly,2
Malagasy tree boa,2
Male Animal,2
Male infant,2
Mali,2
Mallow Skipper Butterfly,2
Malo,2
Mama,2
Mammalia,2
Mammals"",2
Mapleleaf,2
Mapleleaffoods,2
Marsupial,2
Martes Pennanti"",2
Messy,2
Meteor Crater,2
Mexico,2
Minya,2
Mist,2
Mocha,2
Mona,2
Moss,2
Mountain Range,2
Mouse,2
Nala,2
Named Animal,2
Napping,2
National Landmark,2
National Wildlife Reserve,2
Natural,2
Natural Basin,2
Natural Land State,2
Nevada,2
New,2
Nile Monitor Lizard,2
Non-Urban Scene,2
Norcia,2
North American Porcupine,2
North Pole,2
North american river otter,2
OIL,2
Olenna,2
Ontario plants,2
Orange,2
Ords,2
Ostrich,2
PNG,2
POLECAT,2
POLECATS,2
Panda,2
Park - Man Made Space,2
PartnerLogo,2
Peacocks,2
Peafowl,2
Perugia,2
Petting,2
Play,2
Poisonous,2
Poisonous Organism,2
Pokey,2
Power,2
Pride 2021,2
Puppet,2
Pygmy,2
Qun Qun,2
Rainforest Building,2
Rats,2
Red Bishop,2
Red river hog,2
Reed Bed,2
Reptiles,2
Resting,2
Rey,2
Rock,2
Rodentia,2
Russia,2
Rust,2
SEp 8,2
SOUTHERN,2
STRIATUS,2
STRIPED,2
Safari Snacks,2
Sagebrush,2
Sales Team,2
Scatter feeding,2
Scenic,2
School Programs,2
Sensory Enrichment,2
Sergei,2
Sergi Belski,2
Shelf,2
Skoki Classroom,2
Social Enrichment,2
Social Video,2
Social media,2
Socorro,2
Soft Focus,2
Soil,2
Solomon,2
South,2
South Dakota,2
Southern Bald Ibis,2
Sparky & Lobi,2
Sphingidae Family,2
Sphinx Moth Caterpillar,2
Spitsbergen,2
Spooky,2
Standing Water,2
Sunrise,2
Surface Level,2
Svalbard Islands,2
Swift,2
Swimming,2
Swimming Animal,2
Symbol,2
TBA003071A,2
TCEnergy,2
Tadashi,2
Tail,2
Tall,2
Tall - High,2
Tarangire National Park,2
Tentacle,2
Texas,2
The Barbados Wildlife Reserve,2
The Natural World,2
Tigers,2
Tortoiseshell Cat,2
Toy,2
Travel,2
Travel Locations,2
Trevor,2
Tropical Climate,2
Tundra,2
Turf,2
Turquoise Colored,2
Turquoise Hairstreak Butterfly,2
UK,2
UTI,2
Ungulate,2
Ursus Martitimus,2
VE Michael,2
Vet Team Emily,2
Vet Team Lindsay,2
Vet team Emma,2
Veterinary team,2
Vim,2
Vistor engagement,2
WILDLIFE,2
Watching,2
Water Sports,2
Water's Edge,2
Wedding,2
Western painted turtle,2
Whistling,2
Whistling Duck,2
